AbsoluteTime,Phase,Step,Loop,Iteration,Frequency,CPU_Usage,RSZ,SWAP,Cumul_pflts,Temperature,Read_Kbps,Write_Kbps
1676285026319,*,*,*,*,1614238,,,,,,,
1676285026356,*,*,*,*,*,15.6,2440,0,0,53000,133829.07,0.00
1676285026517,*,*,*,*,2963208,,,,,,,
1676285026717,*,*,*,*,3178234,,,,,,,
1676285026915,*,*,*,*,3358196,,,,,,,
1676285027115,*,*,*,*,2357497,,,,,,,
1676285027315,*,*,*,*,1902098,,,,,,,
1676285027526,*,*,*,*,2163140,,,,,,,
1676285027727,*,*,*,*,1639815,,,,,,,
1676285027916,*,*,*,*,2242487,,,,,,,
1676285028119,*,*,*,*,3054688,,,,,,,
1676285028319,*,*,*,*,2202165,,,,,,,
1676285028527,*,*,*,*,2008932,,,,,,,
1676285028727,*,*,*,*,1776460,,,,,,,
1676285028927,*,*,*,*,1847035,,,,,,,
1676285029127,*,*,*,*,1776080,,,,,,,
1676285029320,*,*,*,*,2976514,,,,,,,
1676285029525,*,*,*,*,2016135,,,,,,,
1676285029723,*,*,*,*,1787308,,,,,,,
1676285029925,*,*,*,*,1986716,,,,,,,
1676285030126,*,*,*,*,1783670,,,,,,,
1676285030319,*,*,*,*,2247875,,,,,,,
1676285030516,*,*,*,*,3384384,,,,,,,
1676285030726,*,*,*,*,1961395,,,,,,,
1676285030848,*,*,*,*,*,21.0,2440,0,0,51000,129829.73,0.00
1676285030918,*,*,*,*,2236854,,,,,,,
1676285031127,*,*,*,*,1890576,,,,,,,
1676285031319,*,*,*,*,1945063,,,,,,,
1676285031526,*,*,*,*,1645605,,,,,,,
1676285031716,*,*,*,*,2422931,,,,,,,
1676285031927,*,*,*,*,2534108,,,,,,,
1676285032126,*,*,*,*,1748076,,,,,,,
1676285032319,*,*,*,*,1988606,,,,,,,
1676285032526,*,*,*,*,1788384,,,,,,,
1676285032718,*,*,*,*,2107821,,,,,,,
1676285032916,*,*,*,*,2028139,,,,,,,
1676285033119,*,*,*,*,3143264,,,,,,,
1676285033319,*,*,*,*,2167733,,,,,,,
1676285033526,*,*,*,*,1929437,,,,,,,
1676285033726,*,*,*,*,1942856,,,,,,,
1676285033926,*,*,*,*,1824963,,,,,,,
1676285034116,*,*,*,*,3400015,,,,,,,
1676285034316,*,*,*,*,3397784,,,,,,,
1676285034526,*,*,*,*,1973561,,,,,,,
1676285034726,*,*,*,*,1752451,,,,,,,
1676285034926,*,*,*,*,1762177,,,,,,,
1676285035092,*,*,*,*,*,20.6,2440,0,0,52000,130497.86,0.00
1676285035116,*,*,*,*,2095453,,,,,,,
1676285035319,*,*,*,*,2328066,,,,,,,
1676285035516,*,*,*,*,2987552,,,,,,,
1676285035726,*,*,*,*,2081385,,,,,,,
1676285035926,*,*,*,*,1726648,,,,,,,
1676285036127,*,*,*,*,1714858,,,,,,,
1676285036319,*,*,*,*,2048070,,,,,,,
1676285036527,*,*,*,*,2393407,,,,,,,
1676285036716,*,*,*,*,2024281,,,,,,,
1676285036917,*,*,*,*,3323194,,,,,,,
1676285037127,*,*,*,*,1961376,,,,,,,
1676285037324,*,*,*,*,1849875,,,,,,,
1676285037527,*,*,*,*,2237007,,,,,,,
1676285037726,*,*,*,*,1898777,,,,,,,
1676285037926,*,*,*,*,1693826,,,,,,,
1676285038116,*,*,*,*,3129069,,,,,,,
1676285038316,*,*,*,*,2412354,,,,,,,
1676285038526,*,*,*,*,2582564,,,,,,,
1676285038726,*,*,*,*,1769142,,,,,,,
1676285038927,*,*,*,*,1789342,,,,,,,
1676285039127,*,*,*,*,1626356,,,,,,,
1676285039316,*,*,*,*,2363731,,,,,,,
1676285039337,*,*,*,*,*,23.0,2440,0,0,52000,129850.72,0.00
1676285039526,*,*,*,*,2253417,,,,,,,
1676285039726,*,*,*,*,2343234,,,,,,,
1676285039919,*,*,*,*,2056098,,,,,,,
1676285040126,*,*,*,*,2365055,,,,,,,
1676285040319,*,*,*,*,2006207,,,,,,,
1676285040516,*,*,*,*,2260449,,,,,,,
1676285040726,*,*,*,*,2697978,,,,,,,
1676285040926,*,*,*,*,1873290,,,,,,,
1676285041119,*,*,*,*,2189030,,,,,,,
1676285041320,*,*,*,*,2143087,,,,,,,
1676285041526,*,*,*,*,1988419,,,,,,,
1676285041724,*,*,*,*,1937123,,,,,,,
1676285041923,*,*,*,*,2506666,,,,,,,
1676285042126,*,*,*,*,1850224,,,,,,,
1676285042319,*,*,*,*,2075427,,,,,,,
1676285042517,*,*,*,*,2285313,,,,,,,
1676285042726,*,*,*,*,1960249,,,,,,,
1676285042927,*,*,*,*,1602323,,,,,,,
1676285043116,*,*,*,*,2854614,,,,,,,
1676285043319,*,*,*,*,2263879,,,,,,,
1676285043526,*,*,*,*,2011024,,,,,,,
1676285043583,*,*,*,*,*,57.1,59088,0,0,69000,94711.93,0.00
1676285043726,*,*,*,*,2065979,,,,,,,
1676285043926,*,*,*,*,1815095,,,,,,,
1676285044126,*,*,*,*,1985438,,,,,,,
1676285044316,*,*,*,*,2107390,,,,,,,
1676285044526,*,*,*,*,2062072,,,,,,,
1676285044726,*,*,*,*,1960513,,,,,,,
1676285044926,*,*,*,*,1799244,,,,,,,
1676285045126,*,*,*,*,1996788,,,,,,,
1676285045320,*,*,*,*,2103802,,,,,,,
1676285045517,*,*,*,*,3400000,,,,,,,
1676285045716,*,*,*,*,3400000,,,,,,,
1676285045916,*,*,*,*,3399999,,,,,,,
1676285046116,*,*,*,*,3399999,,,,,,,
1676285046316,*,*,*,*,3398440,,,,,,,
1676285046516,*,*,*,*,3399999,,,,,,,
1676285046716,*,*,*,*,3399999,,,,,,,
1676285046916,*,*,*,*,3400000,,,,,,,
1676285047116,*,*,*,*,3399999,,,,,,,
1676285047316,*,*,*,*,3346356,,,,,,,
1676285047516,*,*,*,*,3399999,,,,,,,
1676285047716,*,*,*,*,3399999,,,,,,,
1676285047823,*,*,*,*,*,99.7,240456,0,0,71000,97160.30,0.00
1676285047916,*,*,*,*,3399999,,,,,,,
1676285048116,*,*,*,*,3338401,,,,,,,
1676285048316,*,*,*,*,3399999,,,,,,,
1676285048516,*,*,*,*,3400000,,,,,,,
1676285048716,*,*,*,*,3399999,,,,,,,
1676285048916,*,*,*,*,3400000,,,,,,,
1676285049116,*,*,*,*,3399999,,,,,,,
1676285049316,*,*,*,*,3399999,,,,,,,
1676285049516,*,*,*,*,3400000,,,,,,,
1676285049716,*,*,*,*,3399999,,,,,,,
1676285049916,*,*,*,*,3400000,,,,,,,
1676285050116,*,*,*,*,3399999,,,,,,,
1676285050316,*,*,*,*,3400000,,,,,,,
1676285050516,*,*,*,*,3399999,,,,,,,
1676285050716,*,*,*,*,3400000,,,,,,,
1676285050916,*,*,*,*,3399999,,,,,,,
1676285051116,*,*,*,*,3399999,,,,,,,
1676285051316,*,*,*,*,3400000,,,,,,,
1676285051516,*,*,*,*,3399999,,,,,,,
1676285051716,*,*,*,*,3400000,,,,,,,
1676285051916,*,*,*,*,3399999,,,,,,,
1676285052063,*,*,*,*,*,99.3,424464,0,0,72000,96247.42,0.00
1676285052116,*,*,*,*,3400000,,,,,,,
1676285052316,*,*,*,*,3400000,,,,,,,
1676285052516,*,*,*,*,3399999,,,,,,,
1676285052716,*,*,*,*,3400000,,,,,,,
1676285052916,*,*,*,*,3399999,,,,,,,
1676285053116,*,*,*,*,3399999,,,,,,,
1676285053316,*,*,*,*,3400000,,,,,,,
1676285053516,*,*,*,*,3399999,,,,,,,
1676285053716,*,*,*,*,3399999,,,,,,,
1676285053916,*,*,*,*,3399999,,,,,,,
1676285054116,*,*,*,*,3400000,,,,,,,
1676285054316,*,*,*,*,3399999,,,,,,,
1676285054516,*,*,*,*,3400000,,,,,,,
1676285054716,*,*,*,*,3400000,,,,,,,
1676285054916,*,*,*,*,3399999,,,,,,,
1676285055116,*,*,*,*,3400000,,,,,,,
1676285055316,*,*,*,*,3399999,,,,,,,
1676285055516,*,*,*,*,3400000,,,,,,,
1676285055716,*,*,*,*,3400000,,,,,,,
1676285055916,*,*,*,*,3400000,,,,,,,
1676285056116,*,*,*,*,3400000,,,,,,,
1676285056304,*,*,*,*,*,100.0,579164,4,0,74000,0.00,0.00
1676285056316,*,*,*,*,3399999,,,,,,,
1676285056516,*,*,*,*,3400000,,,,,,,
1676285056716,*,*,*,*,3399999,,,,,,,
1676285056916,*,*,*,*,3399999,,,,,,,
1676285057116,*,*,*,*,3399999,,,,,,,
1676285057316,*,*,*,*,3278687,,,,,,,
1676285057516,*,*,*,*,3400000,,,,,,,
1676285057716,*,*,*,*,3398794,,,,,,,
1676285057916,*,*,*,*,3400000,,,,,,,
1676285058116,*,*,*,*,3399999,,,,,,,
1676285058316,*,*,*,*,3399999,,,,,,,
1676285058516,*,*,*,*,3400000,,,,,,,
1676285058716,*,*,*,*,3400000,,,,,,,
1676285058916,*,*,*,*,3399999,,,,,,,
1676285059116,*,*,*,*,3400000,,,,,,,
1676285059315,*,*,*,*,3399999,,,,,,,
1676285059516,*,*,*,*,3399999,,,,,,,
1676285059716,*,*,*,*,3400000,,,,,,,
1676285059916,*,*,*,*,3399999,,,,,,,
1676285060116,*,*,*,*,3400000,,,,,,,
1676285060315,*,*,*,*,3400000,,,,,,,
1676285060516,*,*,*,*,3400000,,,,,,,
1676285060545,*,*,*,*,*,100.0,579164,4,0,76000,0.00,0.00
1676285060716,*,*,*,*,3399999,,,,,,,
1676285060916,*,*,*,*,3400000,,,,,,,
1676285061116,*,*,*,*,3400000,,,,,,,
1676285061316,*,*,*,*,3400000,,,,,,,
1676285061516,*,*,*,*,3400000,,,,,,,
1676285061716,*,*,*,*,3399999,,,,,,,
1676285061916,*,*,*,*,3399999,,,,,,,
1676285062115,*,*,*,*,3400000,,,,,,,
1676285062316,*,*,*,*,3400000,,,,,,,
1676285062516,*,*,*,*,3399999,,,,,,,
1676285062716,*,*,*,*,3400000,,,,,,,
1676285062916,*,*,*,*,3400000,,,,,,,
1676285063116,*,*,*,*,3400000,,,,,,,
1676285063316,*,*,*,*,3399999,,,,,,,
1676285063516,*,*,*,*,3399999,,,,,,,
1676285063716,*,*,*,*,3400000,,,,,,,
1676285063916,*,*,*,*,3399999,,,,,,,
1676285064116,*,*,*,*,3400000,,,,,,,
1676285064315,*,*,*,*,3399999,,,,,,,
1676285064516,*,*,*,*,3399999,,,,,,,
1676285064716,*,*,*,*,3399999,,,,,,,
1676285064786,*,*,*,*,*,100.0,579164,4,0,73000,0.00,0.00
1676285064916,*,*,*,*,3399999,,,,,,,
1676285065116,*,*,*,*,3400000,,,,,,,
1676285065315,*,*,*,*,3400000,,,,,,,
1676285065516,*,*,*,*,3399999,,,,,,,
1676285065716,*,*,*,*,3399999,,,,,,,
1676285065916,*,*,*,*,3400000,,,,,,,
1676285066116,*,*,*,*,3400000,,,,,,,
1676285066315,*,*,*,*,3400000,,,,,,,
1676285066516,*,*,*,*,3399999,,,,,,,
1676285066716,*,*,*,*,3400000,,,,,,,
1676285066916,*,*,*,*,3399999,,,,,,,
1676285067116,*,*,*,*,3399999,,,,,,,
1676285067315,*,*,*,*,3399999,,,,,,,
1676285067516,*,*,*,*,3399999,,,,,,,
1676285067716,*,*,*,*,3400000,,,,,,,
1676285067916,*,*,*,*,3399999,,,,,,,
1676285068116,*,*,*,*,3400000,,,,,,,
1676285068316,*,*,*,*,3399999,,,,,,,
1676285068516,*,*,*,*,3400000,,,,,,,
1676285068716,*,*,*,*,3399999,,,,,,,
1676285068916,*,*,*,*,3400000,,,,,,,
1676285069027,*,*,*,*,*,99.3,564908,4,0,75000,0.00,0.00
1676285069116,*,*,*,*,3400000,,,,,,,
1676285069316,*,*,*,*,3400000,,,,,,,
1676285069516,*,*,*,*,3400000,,,,,,,
1676285069715,*,*,*,*,3399999,,,,,,,
1676285069916,*,*,*,*,3399999,,,,,,,
1676285070116,*,*,*,*,3400000,,,,,,,
1676285070315,*,*,*,*,3399999,,,,,,,
1676285070516,*,*,*,*,3399999,,,,,,,
1676285070716,*,*,*,*,3399999,,,,,,,
1676285070916,*,*,*,*,3399999,,,,,,,
1676285071116,*,*,*,*,3400000,,,,,,,
1676285071316,*,*,*,*,3399999,,,,,,,
1676285071516,*,*,*,*,3400000,,,,,,,
1676285071716,*,*,*,*,3400000,,,,,,,
1676285071916,*,*,*,*,3399999,,,,,,,
1676285072116,*,*,*,*,3400000,,,,,,,
1676285072316,*,*,*,*,3400000,,,,,,,
1676285072516,*,*,*,*,3399999,,,,,,,
1676285072716,*,*,*,*,3400000,,,,,,,
1676285072916,*,*,*,*,3399999,,,,,,,
1676285073116,*,*,*,*,3400000,,,,,,,
1676285073269,*,*,*,*,*,99.3,1.1g,384,5,72000,0.00,0.00
1676285073316,*,*,*,*,3399999,,,,,,,
1676285073516,*,*,*,*,3400000,,,,,,,
1676285073727,*,*,*,*,3400000,,,,,,,
1676285073916,*,*,*,*,3399999,,,,,,,
1676285074116,*,*,*,*,3400000,,,,,,,
1676285074316,*,*,*,*,3399999,,,,,,,
1676285074516,*,*,*,*,3399998,,,,,,,
1676285074716,*,*,*,*,3400000,,,,,,,
1676285074916,*,*,*,*,3399999,,,,,,,
1676285075117,*,*,*,*,3399999,,,,,,,
1676285075316,*,*,*,*,3400000,,,,,,,
1676285075516,*,*,*,*,3399999,,,,,,,
1676285075716,*,*,*,*,3399999,,,,,,,
1676285075916,*,*,*,*,3399999,,,,,,,
1676285076116,*,*,*,*,3400000,,,,,,,
1676285076315,*,*,*,*,3399999,,,,,,,
1676285076516,*,*,*,*,3399999,,,,,,,
1676285076716,*,*,*,*,3399999,,,,,,,
1676285076916,*,*,*,*,3400000,,,,,,,
1676285077116,*,*,*,*,3399999,,,,,,,
1676285077316,*,*,*,*,3399999,,,,,,,
1676285077510,*,*,*,*,*,100.0,1.1g,384,5,71000,0.00,0.00
1676285077515,*,*,*,*,3400000,,,,,,,
1676285077716,*,*,*,*,3399999,,,,,,,
1676285077916,*,*,*,*,3399999,,,,,,,
1676285078116,*,*,*,*,3400000,,,,,,,
1676285078316,*,*,*,*,3399999,,,,,,,
1676285078516,*,*,*,*,3399999,,,,,,,
1676285078716,*,*,*,*,3400000,,,,,,,
1676285078916,*,*,*,*,3400000,,,,,,,
1676285079116,*,*,*,*,3400000,,,,,,,
1676285079315,*,*,*,*,3399999,,,,,,,
1676285079516,*,*,*,*,3399999,,,,,,,
1676285079716,*,*,*,*,3399999,,,,,,,
1676285079916,*,*,*,*,3399999,,,,,,,
1676285080116,*,*,*,*,3399999,,,,,,,
1676285080315,*,*,*,*,3400000,,,,,,,
1676285080516,*,*,*,*,3400000,,,,,,,
1676285080716,*,*,*,*,3399999,,,,,,,
1676285080916,*,*,*,*,3399999,,,,,,,
1676285081116,*,*,*,*,3399999,,,,,,,
1676285081315,*,*,*,*,3400000,,,,,,,
1676285081516,*,*,*,*,3400000,,,,,,,
1676285081716,*,*,*,*,3399999,,,,,,,
1676285081751,*,*,*,*,*,99.7,1.1g,384,5,73000,0.00,0.00
1676285081916,*,*,*,*,3400000,,,,,,,
1676285082116,*,*,*,*,3399999,,,,,,,
1676285082316,*,*,*,*,3400000,,,,,,,
1676285082516,*,*,*,*,3399999,,,,,,,
1676285082716,*,*,*,*,3400000,,,,,,,
1676285082916,*,*,*,*,3400000,,,,,,,
1676285083116,*,*,*,*,3399999,,,,,,,
1676285083315,*,*,*,*,3399999,,,,,,,
1676285083516,*,*,*,*,3399999,,,,,,,
1676285083716,*,*,*,*,3400000,,,,,,,
1676285083916,*,*,*,*,3400000,,,,,,,
1676285084116,*,*,*,*,3399999,,,,,,,
1676285084316,*,*,*,*,3399999,,,,,,,
1676285084516,*,*,*,*,3399999,,,,,,,
1676285084716,*,*,*,*,3399999,,,,,,,
1676285084916,*,*,*,*,3400000,,,,,,,
1676285085116,*,*,*,*,3399999,,,,,,,
1676285085316,*,*,*,*,3400000,,,,,,,
1676285085516,*,*,*,*,3399999,,,,,,,
1676285085716,*,*,*,*,3399999,,,,,,,
1676285085916,*,*,*,*,3399999,,,,,,,
1676285085991,*,*,*,*,*,99.7,1.1g,384,5,70000,0.00,0.00
1676285086116,*,*,*,*,3399999,,,,,,,
1676285086316,*,*,*,*,3400000,,,,,,,
1676285086516,*,*,*,*,3399999,,,,,,,
1676285086716,*,*,*,*,3399999,,,,,,,
1676285086916,*,*,*,*,3400000,,,,,,,
1676285087116,*,*,*,*,3399999,,,,,,,
1676285087316,*,*,*,*,3399999,,,,,,,
1676285087516,*,*,*,*,3399999,,,,,,,
1676285087716,*,*,*,*,3399999,,,,,,,
1676285087916,*,*,*,*,3399999,,,,,,,
1676285088116,*,*,*,*,3400000,,,,,,,
1676285088316,*,*,*,*,3400000,,,,,,,
1676285088516,*,*,*,*,3399999,,,,,,,
1676285088716,*,*,*,*,3400000,,,,,,,
1676285088916,*,*,*,*,3400000,,,,,,,
1676285089116,*,*,*,*,3399999,,,,,,,
1676285089315,*,*,*,*,3400000,,,,,,,
1676285089516,*,*,*,*,3400000,,,,,,,
1676285089716,*,*,*,*,3400000,,,,,,,
1676285089916,*,*,*,*,3399999,,,,,,,
1676285090116,*,*,*,*,3399999,,,,,,,
1676285090231,*,*,*,*,*,99.7,1.1g,384,5,70000,0.00,0.00
1676285090315,*,*,*,*,3400000,,,,,,,
1676285090516,*,*,*,*,3399999,,,,,,,
1676285090716,*,*,*,*,3400000,,,,,,,
1676285090916,*,*,*,*,3400000,,,,,,,
1676285091116,*,*,*,*,3399999,,,,,,,
1676285091316,*,*,*,*,3399999,,,,,,,
1676285091516,*,*,*,*,3400000,,,,,,,
1676285091716,*,*,*,*,3399999,,,,,,,
1676285091916,*,*,*,*,3400000,,,,,,,
1676285092116,*,*,*,*,3399999,,,,,,,
1676285092315,*,*,*,*,3399999,,,,,,,
1676285092516,*,*,*,*,3399999,,,,,,,
1676285092716,*,*,*,*,3399999,,,,,,,
1676285092916,*,*,*,*,3400000,,,,,,,
1676285093116,*,*,*,*,3399999,,,,,,,
1676285093315,*,*,*,*,3400000,,,,,,,
1676285093516,*,*,*,*,3399999,,,,,,,
1676285093716,*,*,*,*,3399999,,,,,,,
1676285093916,*,*,*,*,3400000,,,,,,,
1676285094116,*,*,*,*,3399999,,,,,,,
1676285094315,*,*,*,*,3400000,,,,,,,
1676285094471,*,*,*,*,*,100.0,1.1g,384,5,71000,0.00,0.00
1676285094515,*,*,*,*,3399999,,,,,,,
1676285094716,*,*,*,*,3400000,,,,,,,
1676285094916,*,*,*,*,3399999,,,,,,,
1676285095116,*,*,*,*,3399999,,,,,,,
1676285095316,*,*,*,*,3400000,,,,,,,
1676285095516,*,*,*,*,3399999,,,,,,,
1676285095716,*,*,*,*,3400000,,,,,,,
1676285095916,*,*,*,*,3399999,,,,,,,
1676285096116,*,*,*,*,3399999,,,,,,,
1676285096315,*,*,*,*,3400000,,,,,,,
1676285096516,*,*,*,*,3399999,,,,,,,
1676285096716,*,*,*,*,3399999,,,,,,,
1676285096916,*,*,*,*,3400000,,,,,,,
1676285097116,*,*,*,*,3400000,,,,,,,
1676285097315,*,*,*,*,3399999,,,,,,,
1676285097516,*,*,*,*,3400000,,,,,,,
1676285097716,*,*,*,*,3399999,,,,,,,
1676285097916,*,*,*,*,3399999,,,,,,,
1676285098116,*,*,*,*,3400000,,,,,,,
1676285098316,*,*,*,*,3399999,,,,,,,
1676285098516,*,*,*,*,3399999,,,,,,,
1676285098717,*,*,*,*,3400000,,,,,,,
1676285098722,*,*,*,*,*,99.7,1.1g,384,5,69000,0.00,0.00
1676285098916,*,*,*,*,3400000,,,,,,,
1676285099116,*,*,*,*,3400000,,,,,,,
1676285099316,*,*,*,*,3399999,,,,,,,
1676285099516,*,*,*,*,3400000,,,,,,,
1676285099716,*,*,*,*,3399999,,,,,,,
1676285099916,*,*,*,*,3399999,,,,,,,
1676285100116,*,*,*,*,3400000,,,,,,,
1676285100315,*,*,*,*,3400000,,,,,,,
1676285100516,*,*,*,*,3400000,,,,,,,
1676285100716,*,*,*,*,3399999,,,,,,,
1676285100916,*,*,*,*,3400000,,,,,,,
1676285101116,*,*,*,*,3399999,,,,,,,
1676285101316,*,*,*,*,3399999,,,,,,,
1676285101516,*,*,*,*,3399999,,,,,,,
1676285101718,*,*,*,*,3400000,,,,,,,
1676285101916,*,*,*,*,3399999,,,,,,,
1676285102116,*,*,*,*,3400000,,,,,,,
1676285102316,*,*,*,*,3399999,,,,,,,
1676285102516,*,*,*,*,3399999,,,,,,,
1676285102716,*,*,*,*,3400000,,,,,,,
1676285102916,*,*,*,*,3399999,,,,,,,
1676285102964,*,*,*,*,*,100.0,1.1g,384,5,70000,0.00,0.00
1676285103116,*,*,*,*,3400000,,,,,,,
1676285103315,*,*,*,*,3399999,,,,,,,
1676285103516,*,*,*,*,3400000,,,,,,,
1676285103716,*,*,*,*,3399999,,,,,,,
1676285103916,*,*,*,*,3400000,,,,,,,
1676285104116,*,*,*,*,3399999,,,,,,,
1676285104315,*,*,*,*,3400000,,,,,,,
1676285104516,*,*,*,*,3400000,,,,,,,
1676285104716,*,*,*,*,3400000,,,,,,,
1676285104916,*,*,*,*,3399999,,,,,,,
1676285105116,*,*,*,*,3400000,,,,,,,
1676285105316,*,*,*,*,3399999,,,,,,,
1676285105516,*,*,*,*,3400000,,,,,,,
1676285105716,*,*,*,*,3399999,,,,,,,
1676285105916,*,*,*,*,3400000,,,,,,,
1676285106116,*,*,*,*,3399999,,,,,,,
1676285106316,*,*,*,*,3399999,,,,,,,
1676285106516,*,*,*,*,3399999,,,,,,,
1676285106716,*,*,*,*,3400000,,,,,,,
1676285106916,*,*,*,*,3400000,,,,,,,
1676285107116,*,*,*,*,3400000,,,,,,,
1676285107204,*,*,*,*,*,99.7,1.1g,384,5,70000,0.00,0.00
1676285107316,*,*,*,*,3399999,,,,,,,
1676285107516,*,*,*,*,3399999,,,,,,,
1676285107716,*,*,*,*,3399999,,,,,,,
1676285107916,*,*,*,*,3399999,,,,,,,
1676285108118,*,*,*,*,3400000,,,,,,,
1676285108316,*,*,*,*,3399999,,,,,,,
1676285108516,*,*,*,*,3399999,,,,,,,
1676285108716,*,*,*,*,3399999,,,,,,,
1676285108916,*,*,*,*,3400000,,,,,,,
1676285109116,*,*,*,*,3399999,,,,,,,
1676285109316,*,*,*,*,3399999,,,,,,,
1676285109516,*,*,*,*,3400000,,,,,,,
1676285109716,*,*,*,*,3399999,,,,,,,
1676285109916,*,*,*,*,3399999,,,,,,,
1676285110116,*,*,*,*,3399999,,,,,,,
1676285110316,*,*,*,*,3400000,,,,,,,
1676285110516,*,*,*,*,3400000,,,,,,,
1676285110716,*,*,*,*,3399999,,,,,,,
1676285110916,*,*,*,*,3400000,,,,,,,
1676285111116,*,*,*,*,3399999,,,,,,,
1676285111315,*,*,*,*,3399999,,,,,,,
1676285111445,*,*,*,*,*,100.0,1.1g,384,5,70000,0.00,0.00
1676285111516,*,*,*,*,3400000,,,,,,,
1676285111716,*,*,*,*,3399999,,,,,,,
1676285111916,*,*,*,*,3399999,,,,,,,
1676285112116,*,*,*,*,3400000,,,,,,,
1676285112316,*,*,*,*,3399999,,,,,,,
1676285112516,*,*,*,*,3399999,,,,,,,
1676285112716,*,*,*,*,3400000,,,,,,,
1676285112916,*,*,*,*,3399999,,,,,,,
1676285113116,*,*,*,*,3400000,,,,,,,
1676285113315,*,*,*,*,3400000,,,,,,,
1676285113516,*,*,*,*,3399999,,,,,,,
1676285113716,*,*,*,*,3399997,,,,,,,
1676285113916,*,*,*,*,3400002,,,,,,,
1676285114116,*,*,*,*,3400000,,,,,,,
1676285114316,*,*,*,*,3400000,,,,,,,
1676285114516,*,*,*,*,3399999,,,,,,,
1676285114716,*,*,*,*,3400000,,,,,,,
1676285114916,*,*,*,*,3399999,,,,,,,
1676285115116,*,*,*,*,3399999,,,,,,,
1676285115316,*,*,*,*,3400000,,,,,,,
1676285115516,*,*,*,*,3400000,,,,,,,
1676285115686,*,*,*,*,*,100.0,1.1g,384,5,69000,0.00,0.00
1676285115716,*,*,*,*,3399999,,,,,,,
1676285115916,*,*,*,*,3400000,,,,,,,
1676285116116,*,*,*,*,3400000,,,,,,,
1676285116315,*,*,*,*,3399999,,,,,,,
1676285116516,*,*,*,*,3399999,,,,,,,
1676285116716,*,*,*,*,3399999,,,,,,,
1676285116916,*,*,*,*,3399999,,,,,,,
1676285117116,*,*,*,*,3400000,,,,,,,
1676285117316,*,*,*,*,3399999,,,,,,,
1676285117516,*,*,*,*,3400000,,,,,,,
1676285117716,*,*,*,*,3400000,,,,,,,
1676285117916,*,*,*,*,3399999,,,,,,,
1676285118116,*,*,*,*,3400000,,,,,,,
1676285118316,*,*,*,*,3400000,,,,,,,
1676285118516,*,*,*,*,3400000,,,,,,,
1676285118716,*,*,*,*,3399999,,,,,,,
1676285118916,*,*,*,*,3399999,,,,,,,
1676285119116,*,*,*,*,3399999,,,,,,,
1676285119315,*,*,*,*,3399999,,,,,,,
1676285119516,*,*,*,*,3399999,,,,,,,
1676285119716,*,*,*,*,3400000,,,,,,,
1676285119916,*,*,*,*,3400000,,,,,,,
1676285119925,*,*,*,*,*,100.0,1.1g,384,5,70000,0.00,0.00
1676285120116,*,*,*,*,3399999,,,,,,,
1676285120316,*,*,*,*,3400000,,,,,,,
1676285120516,*,*,*,*,3399999,,,,,,,
1676285120716,*,*,*,*,3400000,,,,,,,
1676285120916,*,*,*,*,3399999,,,,,,,
1676285121116,*,*,*,*,3399999,,,,,,,
1676285121316,*,*,*,*,3399999,,,,,,,
1676285121516,*,*,*,*,3399999,,,,,,,
1676285121716,*,*,*,*,3400000,,,,,,,
1676285121916,*,*,*,*,3399999,,,,,,,
1676285122116,*,*,*,*,3399999,,,,,,,
1676285122316,*,*,*,*,3400000,,,,,,,
1676285122516,*,*,*,*,3400000,,,,,,,
1676285122716,*,*,*,*,3399999,,,,,,,
1676285122916,*,*,*,*,3399999,,,,,,,
1676285123116,*,*,*,*,3399999,,,,,,,
1676285123315,*,*,*,*,3400000,,,,,,,
1676285123516,*,*,*,*,3399999,,,,,,,
1676285123716,*,*,*,*,3399999,,,,,,,
1676285123916,*,*,*,*,3399999,,,,,,,
1676285124116,*,*,*,*,3400000,,,,,,,
1676285124167,*,*,*,*,*,100.0,1.1g,384,5,71000,0.00,0.00
1676285124316,*,*,*,*,3400000,,,,,,,
1676285124516,*,*,*,*,3399999,,,,,,,
1676285124716,*,*,*,*,3400000,,,,,,,
1676285124916,*,*,*,*,3400000,,,,,,,
1676285125116,*,*,*,*,3399999,,,,,,,
1676285125316,*,*,*,*,3399999,,,,,,,
1676285125516,*,*,*,*,3400000,,,,,,,
1676285125716,*,*,*,*,3399999,,,,,,,
1676285125916,*,*,*,*,3400000,,,,,,,
1676285126116,*,*,*,*,3400000,,,,,,,
1676285126315,*,*,*,*,3399999,,,,,,,
1676285126516,*,*,*,*,3399999,,,,,,,
1676285126716,*,*,*,*,3400000,,,,,,,
1676285126916,*,*,*,*,3399999,,,,,,,
1676285127116,*,*,*,*,3400000,,,,,,,
1676285127315,*,*,*,*,3400000,,,,,,,
1676285127516,*,*,*,*,3399999,,,,,,,
1676285127716,*,*,*,*,3399999,,,,,,,
1676285127916,*,*,*,*,3399999,,,,,,,
1676285128116,*,*,*,*,3400000,,,,,,,
1676285128316,*,*,*,*,3399999,,,,,,,
1676285128408,*,*,*,*,*,100.0,1.1g,384,5,70000,0.00,0.00
1676285128516,*,*,*,*,3400000,,,,,,,
1676285128716,*,*,*,*,3399999,,,,,,,
1676285128916,*,*,*,*,3400000,,,,,,,
1676285129116,*,*,*,*,3399999,,,,,,,
1676285129316,*,*,*,*,3399999,,,,,,,
1676285129516,*,*,*,*,3399999,,,,,,,
1676285129716,*,*,*,*,3400000,,,,,,,
1676285129916,*,*,*,*,3400000,,,,,,,
1676285130116,*,*,*,*,3399999,,,,,,,
1676285130316,*,*,*,*,3399999,,,,,,,
1676285130516,*,*,*,*,3400000,,,,,,,
1676285130716,*,*,*,*,3399999,,,,,,,
1676285130916,*,*,*,*,3400000,,,,,,,
1676285131116,*,*,*,*,3400000,,,,,,,
1676285131316,*,*,*,*,3399999,,,,,,,
1676285131516,*,*,*,*,3399999,,,,,,,
1676285131716,*,*,*,*,3400000,,,,,,,
1676285131916,*,*,*,*,3399999,,,,,,,
1676285132116,*,*,*,*,3400000,,,,,,,
1676285132316,*,*,*,*,3400000,,,,,,,
1676285132516,*,*,*,*,3399999,,,,,,,
1676285132649,*,*,*,*,*,100.0,1.1g,384,5,68000,0.00,0.00
1676285132716,*,*,*,*,3399999,,,,,,,
1676285132916,*,*,*,*,3399999,,,,,,,
1676285133116,*,*,*,*,3400000,,,,,,,
1676285133315,*,*,*,*,3399999,,,,,,,
1676285133516,*,*,*,*,3399999,,,,,,,
1676285133716,*,*,*,*,3400000,,,,,,,
1676285133916,*,*,*,*,3399999,,,,,,,
1676285134116,*,*,*,*,3399999,,,,,,,
1676285134316,*,*,*,*,3400000,,,,,,,
1676285134516,*,*,*,*,3399999,,,,,,,
1676285134716,*,*,*,*,3400000,,,,,,,
1676285134916,*,*,*,*,3399999,,,,,,,
1676285135116,*,*,*,*,3400000,,,,,,,
1676285135315,*,*,*,*,3399999,,,,,,,
1676285135516,*,*,*,*,3399999,,,,,,,
1676285135716,*,*,*,*,3400000,,,,,,,
1676285135916,*,*,*,*,3399999,,,,,,,
1676285136116,*,*,*,*,3399999,,,,,,,
1676285136316,*,*,*,*,3400000,,,,,,,
1676285136516,*,*,*,*,3400000,,,,,,,
1676285136716,*,*,*,*,3399999,,,,,,,
1676285136890,*,*,*,*,*,99.7,553024,384,5,68000,95355.83,0.00
1676285136915,*,*,*,*,3399999,,,,,,,
1676285137116,*,*,*,*,3400000,,,,,,,
1676285137315,*,*,*,*,3399999,,,,,,,
1676285137516,*,*,*,*,3399999,,,,,,,
1676285137716,*,*,*,*,3400000,,,,,,,
1676285137916,*,*,*,*,3399999,,,,,,,
1676285138116,*,*,*,*,3400000,,,,,,,
1676285138315,*,*,*,*,3399999,,,,,,,
1676285138516,*,*,*,*,3399999,,,,,,,
1676285138716,*,*,*,*,3399999,,,,,,,
1676285138916,*,*,*,*,3400000,,,,,,,
1676285139116,*,*,*,*,3399999,,,,,,,
1676285139317,*,*,*,*,3378613,,,,,,,
1676285139516,*,*,*,*,3399999,,,,,,,
1676285139716,*,*,*,*,3400000,,,,,,,
1676285139918,*,*,*,*,3400000,,,,,,,
1676285140117,*,*,*,*,3399999,,,,,,,
1676285140316,*,*,*,*,3307281,,,,,,,
1676285140516,*,*,*,*,3399999,,,,,,,
1676285140716,*,*,*,*,3399999,,,,,,,
1676285140916,*,*,*,*,3399999,,,,,,,
1676285141116,*,*,*,*,3400000,,,,,,,
1676285141135,*,*,*,*,*,99.7,212208,380,5,69000,71859.26,0.00
1676285141316,*,*,*,*,3400000,,,,,,,
1676285141516,*,*,*,*,3399999,,,,,,,
1676285141716,*,*,*,*,3399999,,,,,,,
1676285141917,*,*,*,*,3400000,,,,,,,
1676285142116,*,*,*,*,3400000,,,,,,,
1676285142316,*,*,*,*,3399999,,,,,,,
1676285142516,*,*,*,*,3400000,,,,,,,
1676285142716,*,*,*,*,3399999,,,,,,,
1676285142919,*,*,*,*,3399999,,,,,,,
1676285143116,*,*,*,*,3399999,,,,,,,
1676285143316,*,*,*,*,3399999,,,,,,,
1676285143516,*,*,*,*,3399999,,,,,,,
1676285143716,*,*,*,*,3400000,,,,,,,
1676285143916,*,*,*,*,3400000,,,,,,,
1676285144116,*,*,*,*,3398714,,,,,,,
1676285144316,*,*,*,*,3400000,,,,,,,
1676285144516,*,*,*,*,3400000,,,,,,,
1676285144716,*,*,*,*,3400000,,,,,,,
1676285144916,*,*,*,*,3400000,,,,,,,
1676285145116,*,*,*,*,3400000,,,,,,,
1676285145316,*,*,*,*,3400000,,,,,,,
1676285145375,*,*,*,*,*,100.0,399280,484,5,69000,94712.48,0.00
1676285145516,*,*,*,*,3399999,,,,,,,
1676285145716,*,*,*,*,3400000,,,,,,,
1676285145916,*,*,*,*,3399999,,,,,,,
1676285146116,*,*,*,*,3400000,,,,,,,
1676285146316,*,*,*,*,3399999,,,,,,,
1676285146516,*,*,*,*,3399999,,,,,,,
1676285146716,*,*,*,*,3399999,,,,,,,
1676285146916,*,*,*,*,3399999,,,,,,,
1676285147116,*,*,*,*,3400000,,,,,,,
1676285147316,*,*,*,*,3399999,,,,,,,
1676285147516,*,*,*,*,3399999,,,,,,,
1676285147716,*,*,*,*,3400000,,,,,,,
1676285147916,*,*,*,*,3399997,,,,,,,
1676285148116,*,*,*,*,3398635,,,,,,,
1676285148316,*,*,*,*,3400000,,,,,,,
1676285148516,*,*,*,*,3399999,,,,,,,
1676285148716,*,*,*,*,3400000,,,,,,,
1676285148916,*,*,*,*,3400000,,,,,,,
1676285149116,*,*,*,*,3399999,,,,,,,
1676285149316,*,*,*,*,3399999,,,,,,,
1676285149516,*,*,*,*,3399999,,,,,,,
1676285149635,*,*,*,*,*,99.7,605188,484,5,69000,0.00,0.00
1676285149716,*,*,*,*,3400000,,,,,,,
1676285149916,*,*,*,*,3399999,,,,,,,
1676285150116,*,*,*,*,3400000,,,,,,,
1676285150316,*,*,*,*,3399999,,,,,,,
1676285150516,*,*,*,*,3399999,,,,,,,
1676285150716,*,*,*,*,3399999,,,,,,,
1676285150916,*,*,*,*,3399999,,,,,,,
1676285151116,*,*,*,*,3400000,,,,,,,
1676285151316,*,*,*,*,3399999,,,,,,,
1676285151516,*,*,*,*,3400000,,,,,,,
1676285151716,*,*,*,*,3399999,,,,,,,
1676285151916,*,*,*,*,3399999,,,,,,,
1676285152116,*,*,*,*,3400000,,,,,,,
1676285152316,*,*,*,*,3399979,,,,,,,
1676285152516,*,*,*,*,3399999,,,,,,,
1676285152716,*,*,*,*,3400000,,,,,,,
1676285152916,*,*,*,*,3399999,,,,,,,
1676285153116,*,*,*,*,3399999,,,,,,,
1676285153315,*,*,*,*,3400000,,,,,,,
1676285153516,*,*,*,*,3400000,,,,,,,
1676285153716,*,*,*,*,3399999,,,,,,,
1676285153875,*,*,*,*,*,100.0,605188,484,5,70000,0.00,0.00
1676285153916,*,*,*,*,3400000,,,,,,,
1676285154116,*,*,*,*,3399999,,,,,,,
1676285154316,*,*,*,*,3399999,,,,,,,
1676285154516,*,*,*,*,3400000,,,,,,,
1676285154716,*,*,*,*,3399999,,,,,,,
1676285154916,*,*,*,*,3400000,,,,,,,
1676285155116,*,*,*,*,3399999,,,,,,,
1676285155315,*,*,*,*,3400000,,,,,,,
1676285155516,*,*,*,*,3399999,,,,,,,
1676285155716,*,*,*,*,3399999,,,,,,,
1676285155916,*,*,*,*,3400000,,,,,,,
1676285156116,*,*,*,*,3400000,,,,,,,
1676285156315,*,*,*,*,3399999,,,,,,,
1676285156516,*,*,*,*,3399999,,,,,,,
1676285156716,*,*,*,*,3399999,,,,,,,
1676285156916,*,*,*,*,3399999,,,,,,,
1676285157116,*,*,*,*,3399999,,,,,,,
1676285157315,*,*,*,*,3400000,,,,,,,
1676285157516,*,*,*,*,3399999,,,,,,,
1676285157716,*,*,*,*,3400000,,,,,,,
1676285157916,*,*,*,*,3399999,,,,,,,
1676285158115,*,*,*,*,*,100.0,605188,484,5,68000,0.00,0.00
1676285158116,*,*,*,*,3399999,,,,,,,
1676285158315,*,*,*,*,3400000,,,,,,,
1676285158516,*,*,*,*,3399999,,,,,,,
1676285158716,*,*,*,*,3399999,,,,,,,
1676285158916,*,*,*,*,3400000,,,,,,,
1676285159116,*,*,*,*,3400000,,,,,,,
1676285159315,*,*,*,*,3399999,,,,,,,
1676285159516,*,*,*,*,3399999,,,,,,,
1676285159716,*,*,*,*,3399999,,,,,,,
1676285159916,*,*,*,*,3400000,,,,,,,
1676285160116,*,*,*,*,3399999,,,,,,,
1676285160316,*,*,*,*,3399999,,,,,,,
1676285160516,*,*,*,*,3399999,,,,,,,
1676285160716,*,*,*,*,3399999,,,,,,,
1676285160916,*,*,*,*,3400000,,,,,,,
1676285161116,*,*,*,*,3399999,,,,,,,
1676285161316,*,*,*,*,3399999,,,,,,,
1676285161516,*,*,*,*,3400000,,,,,,,
1676285161716,*,*,*,*,3400000,,,,,,,
1676285161916,*,*,*,*,3399999,,,,,,,
1676285162116,*,*,*,*,3400000,,,,,,,
1676285162315,*,*,*,*,3399999,,,,,,,
1676285162356,*,*,*,*,*,100.0,605188,484,5,71000,0.00,0.00
1676285162516,*,*,*,*,3400000,,,,,,,
1676285162716,*,*,*,*,3399999,,,,,,,
1676285162916,*,*,*,*,3400000,,,,,,,
1676285163116,*,*,*,*,3399999,,,,,,,
1676285163316,*,*,*,*,3400000,,,,,,,
1676285163516,*,*,*,*,3400000,,,,,,,
1676285163716,*,*,*,*,3400000,,,,,,,
1676285163916,*,*,*,*,3399999,,,,,,,
1676285164116,*,*,*,*,3400000,,,,,,,
1676285164316,*,*,*,*,3399999,,,,,,,
1676285164516,*,*,*,*,3400000,,,,,,,
1676285164716,*,*,*,*,3399999,,,,,,,
1676285164916,*,*,*,*,3400000,,,,,,,
1676285165116,*,*,*,*,3399999,,,,,,,
1676285165316,*,*,*,*,3399999,,,,,,,
1676285165516,*,*,*,*,3400000,,,,,,,
1676285165716,*,*,*,*,3399999,,,,,,,
1676285165916,*,*,*,*,3400000,,,,,,,
1676285166116,*,*,*,*,3399999,,,,,,,
1676285166316,*,*,*,*,3400000,,,,,,,
1676285166516,*,*,*,*,3399999,,,,,,,
1676285166596,*,*,*,*,*,100.0,1.0g,672,5,70000,37703.77,0.00
1676285166716,*,*,*,*,3399999,,,,,,,
1676285166916,*,*,*,*,3399999,,,,,,,
1676285167116,*,*,*,*,3400000,,,,,,,
1676285167316,*,*,*,*,3400000,,,,,,,
1676285167516,*,*,*,*,3399999,,,,,,,
1676285167716,*,*,*,*,3400000,,,,,,,
1676285167916,*,*,*,*,3400000,,,,,,,
1676285168116,*,*,*,*,3399999,,,,,,,
1676285168316,*,*,*,*,3400000,,,,,,,
1676285168516,*,*,*,*,3400000,,,,,,,
1676285168716,*,*,*,*,3399999,,,,,,,
1676285168916,*,*,*,*,3400000,,,,,,,
1676285169116,*,*,*,*,3400000,,,,,,,
1676285169316,*,*,*,*,3399999,,,,,,,
1676285169516,*,*,*,*,3400000,,,,,,,
1676285169716,*,*,*,*,3400000,,,,,,,
1676285169916,*,*,*,*,3400000,,,,,,,
1676285170116,*,*,*,*,3399999,,,,,,,
1676285170315,*,*,*,*,3254852,,,,,,,
1676285170521,*,*,*,*,1893939,,,,,,,
1676285170721,*,*,*,*,1629019,,,,,,,
1676285170837,*,*,*,*,*,93.0,1.1g,26736,2108,69000,0.00,0.00
1676285170915,*,*,*,*,3153799,,,,,,,
1676285171121,*,*,*,*,1670302,,,,,,,
1676285171317,*,*,*,*,1985683,,,,,,,
1676285171516,*,*,*,*,3399999,,,,,,,
1676285171716,*,*,*,*,3400000,,,,,,,
1676285171916,*,*,*,*,3399999,,,,,,,
1676285172116,*,*,*,*,3399999,,,,,,,
1676285172316,*,*,*,*,3399999,,,,,,,
1676285172516,*,*,*,*,3400000,,,,,,,
1676285172716,*,*,*,*,3399999,,,,,,,
1676285172916,*,*,*,*,3400000,,,,,,,
1676285173116,*,*,*,*,3399999,,,,,,,
1676285173316,*,*,*,*,3399999,,,,,,,
1676285173516,*,*,*,*,3400000,,,,,,,
1676285173716,*,*,*,*,3400000,,,,,,,
1676285173916,*,*,*,*,3399999,,,,,,,
1676285174116,*,*,*,*,3399999,,,,,,,
1676285174316,*,*,*,*,3400000,,,,,,,
1676285174516,*,*,*,*,3399999,,,,,,,
1676285174716,*,*,*,*,3399999,,,,,,,
1676285174916,*,*,*,*,3400000,,,,,,,
1676285175079,*,*,*,*,*,100.0,1.1g,26736,2108,68000,0.00,0.00
1676285175116,*,*,*,*,3399999,,,,,,,
1676285175316,*,*,*,*,3400000,,,,,,,
1676285175516,*,*,*,*,3399999,,,,,,,
1676285175716,*,*,*,*,3399999,,,,,,,
1676285175916,*,*,*,*,3400000,,,,,,,
1676285176116,*,*,*,*,3399999,,,,,,,
1676285176316,*,*,*,*,3400000,,,,,,,
1676285176516,*,*,*,*,3399999,,,,,,,
1676285176716,*,*,*,*,3400000,,,,,,,
1676285176916,*,*,*,*,3399999,,,,,,,
1676285177116,*,*,*,*,3399999,,,,,,,
1676285177315,*,*,*,*,3399999,,,,,,,
1676285177517,*,*,*,*,3400000,,,,,,,
1676285177716,*,*,*,*,3399999,,,,,,,
1676285177916,*,*,*,*,3400000,,,,,,,
1676285178116,*,*,*,*,3400000,,,,,,,
1676285178316,*,*,*,*,3399999,,,,,,,
1676285178516,*,*,*,*,3399999,,,,,,,
1676285178716,*,*,*,*,3400000,,,,,,,
1676285178916,*,*,*,*,3399999,,,,,,,
1676285179116,*,*,*,*,3400000,,,,,,,
1676285179316,*,*,*,*,3400000,,,,,,,
1676285179322,*,*,*,*,*,99.7,1.1g,26736,2108,68000,0.00,0.00
1676285179516,*,*,*,*,3399999,,,,,,,
1676285179716,*,*,*,*,3400000,,,,,,,
1676285179916,*,*,*,*,3399999,,,,,,,
1676285180116,*,*,*,*,3400000,,,,,,,
1676285180316,*,*,*,*,3400000,,,,,,,
1676285180516,*,*,*,*,3400000,,,,,,,
1676285180716,*,*,*,*,3399999,,,,,,,
1676285180916,*,*,*,*,3399999,,,,,,,
1676285181116,*,*,*,*,3399999,,,,,,,
1676285181316,*,*,*,*,3400000,,,,,,,
1676285181516,*,*,*,*,3399999,,,,,,,
1676285181716,*,*,*,*,3400000,,,,,,,
1676285181916,*,*,*,*,3400000,,,,,,,
1676285182116,*,*,*,*,3399999,,,,,,,
1676285182316,*,*,*,*,3399999,,,,,,,
1676285182516,*,*,*,*,3399999,,,,,,,
1676285182716,*,*,*,*,3400000,,,,,,,
1676285182916,*,*,*,*,3400000,,,,,,,
1676285183116,*,*,*,*,3399999,,,,,,,
1676285183315,*,*,*,*,3399999,,,,,,,
1676285183516,*,*,*,*,3400000,,,,,,,
1676285183563,*,*,*,*,*,99.7,1.1g,26736,2108,71000,0.00,0.00
1676285183716,*,*,*,*,3399999,,,,,,,
1676285183916,*,*,*,*,3399999,,,,,,,
1676285184116,*,*,*,*,3399999,,,,,,,
1676285184316,*,*,*,*,3400000,,,,,,,
1676285184516,*,*,*,*,3399999,,,,,,,
1676285184716,*,*,*,*,3400000,,,,,,,
1676285184916,*,*,*,*,3399999,,,,,,,
1676285185116,*,*,*,*,3399999,,,,,,,
1676285185315,*,*,*,*,3400000,,,,,,,
1676285185516,*,*,*,*,3399999,,,,,,,
1676285185716,*,*,*,*,3400000,,,,,,,
1676285185916,*,*,*,*,3399999,,,,,,,
1676285186116,*,*,*,*,3400000,,,,,,,
1676285186315,*,*,*,*,3400000,,,,,,,
1676285186516,*,*,*,*,3399999,,,,,,,
1676285186716,*,*,*,*,3399999,,,,,,,
1676285186916,*,*,*,*,3400000,,,,,,,
1676285187116,*,*,*,*,3400000,,,,,,,
1676285187315,*,*,*,*,3400000,,,,,,,
1676285187516,*,*,*,*,3399999,,,,,,,
1676285187716,*,*,*,*,3400000,,,,,,,
1676285187803,*,*,*,*,*,99.7,1.1g,26736,2108,70000,0.00,0.00
1676285187916,*,*,*,*,3399999,,,,,,,
1676285188116,*,*,*,*,3399999,,,,,,,
1676285188316,*,*,*,*,3399999,,,,,,,
1676285188516,*,*,*,*,3400000,,,,,,,
1676285188716,*,*,*,*,3400000,,,,,,,
1676285188916,*,*,*,*,3400000,,,,,,,
1676285189116,*,*,*,*,3399999,,,,,,,
1676285189315,*,*,*,*,3400000,,,,,,,
1676285189516,*,*,*,*,3399999,,,,,,,
1676285189716,*,*,*,*,3399999,,,,,,,
1676285189916,*,*,*,*,3399999,,,,,,,
1676285190116,*,*,*,*,3400000,,,,,,,
1676285190315,*,*,*,*,3399999,,,,,,,
1676285190516,*,*,*,*,3400000,,,,,,,
1676285190716,*,*,*,*,3399999,,,,,,,
1676285190916,*,*,*,*,3399999,,,,,,,
1676285191116,*,*,*,*,3399999,,,,,,,
1676285191316,*,*,*,*,3400000,,,,,,,
1676285191516,*,*,*,*,3399999,,,,,,,
1676285191716,*,*,*,*,3400000,,,,,,,
1676285191916,*,*,*,*,3400000,,,,,,,
1676285192045,*,*,*,*,*,100.0,1.1g,26736,2108,67000,0.00,0.00
1676285192116,*,*,*,*,3399999,,,,,,,
1676285192316,*,*,*,*,3399999,,,,,,,
1676285192516,*,*,*,*,3400000,,,,,,,
1676285192716,*,*,*,*,3399999,,,,,,,
1676285192916,*,*,*,*,3399999,,,,,,,
1676285193116,*,*,*,*,3400000,,,,,,,
1676285193316,*,*,*,*,3400000,,,,,,,
1676285193516,*,*,*,*,3399999,,,,,,,
1676285193716,*,*,*,*,3400000,,,,,,,
1676285193916,*,*,*,*,3399999,,,,,,,
1676285194116,*,*,*,*,3400000,,,,,,,
1676285194316,*,*,*,*,3400000,,,,,,,
1676285194516,*,*,*,*,3399999,,,,,,,
1676285194716,*,*,*,*,3399999,,,,,,,
1676285194916,*,*,*,*,3399999,,,,,,,
1676285195116,*,*,*,*,3400000,,,,,,,
1676285195315,*,*,*,*,3400000,,,,,,,
1676285195516,*,*,*,*,3399999,,,,,,,
1676285195716,*,*,*,*,3399999,,,,,,,
1676285195916,*,*,*,*,3399999,,,,,,,
1676285196116,*,*,*,*,3400000,,,,,,,
1676285196286,*,*,*,*,*,100.0,1.1g,26736,2108,68000,0.00,0.00
1676285196315,*,*,*,*,3399999,,,,,,,
1676285196516,*,*,*,*,3399999,,,,,,,
1676285196716,*,*,*,*,3399999,,,,,,,
1676285196916,*,*,*,*,3400000,,,,,,,
1676285197116,*,*,*,*,3400000,,,,,,,
1676285197316,*,*,*,*,3400000,,,,,,,
1676285197516,*,*,*,*,3399999,,,,,,,
1676285197716,*,*,*,*,3400000,,,,,,,
1676285197916,*,*,*,*,3400000,,,,,,,
1676285198116,*,*,*,*,3399999,,,,,,,
1676285198316,*,*,*,*,3400000,,,,,,,
1676285198516,*,*,*,*,3399999,,,,,,,
1676285198716,*,*,*,*,3399999,,,,,,,
1676285198916,*,*,*,*,3400000,,,,,,,
1676285199116,*,*,*,*,3400000,,,,,,,
1676285199315,*,*,*,*,3400000,,,,,,,
1676285199516,*,*,*,*,3400000,,,,,,,
1676285199716,*,*,*,*,3399999,,,,,,,
1676285199916,*,*,*,*,3400000,,,,,,,
1676285200116,*,*,*,*,3399999,,,,,,,
1676285200315,*,*,*,*,3400000,,,,,,,
1676285200516,*,*,*,*,3400000,,,,,,,
1676285200526,*,*,*,*,*,100.0,1.1g,26736,2108,71000,0.00,0.00
1676285200716,*,*,*,*,3400000,,,,,,,
1676285200916,*,*,*,*,3399999,,,,,,,
1676285201116,*,*,*,*,3399999,,,,,,,
1676285201316,*,*,*,*,3399999,,,,,,,
1676285201516,*,*,*,*,3399999,,,,,,,
1676285201716,*,*,*,*,3400000,,,,,,,
1676285201916,*,*,*,*,3399999,,,,,,,
1676285202116,*,*,*,*,3400000,,,,,,,
1676285202316,*,*,*,*,3399999,,,,,,,
1676285202516,*,*,*,*,3400000,,,,,,,
1676285202716,*,*,*,*,3400000,,,,,,,
1676285202916,*,*,*,*,3399999,,,,,,,
1676285203116,*,*,*,*,3399999,,,,,,,
1676285203315,*,*,*,*,3400000,,,,,,,
1676285203516,*,*,*,*,3399999,,,,,,,
1676285203716,*,*,*,*,3399999,,,,,,,
1676285203916,*,*,*,*,3400000,,,,,,,
1676285204116,*,*,*,*,3400000,,,,,,,
1676285204316,*,*,*,*,3399999,,,,,,,
1676285204516,*,*,*,*,3400000,,,,,,,
1676285204716,*,*,*,*,3399999,,,,,,,
1676285204768,*,*,*,*,*,100.0,1.1g,26736,2108,67000,0.00,0.00
1676285204916,*,*,*,*,3400000,,,,,,,
1676285205116,*,*,*,*,3400000,,,,,,,
1676285205316,*,*,*,*,3399999,,,,,,,
1676285205516,*,*,*,*,3400000,,,,,,,
1676285205716,*,*,*,*,3399999,,,,,,,
1676285205916,*,*,*,*,3400000,,,,,,,
1676285206116,*,*,*,*,3399999,,,,,,,
1676285206315,*,*,*,*,3400000,,,,,,,
1676285206516,*,*,*,*,3400000,,,,,,,
1676285206716,*,*,*,*,3399999,,,,,,,
1676285206916,*,*,*,*,3400000,,,,,,,
1676285207116,*,*,*,*,3399999,,,,,,,
1676285207316,*,*,*,*,3399999,,,,,,,
1676285207515,*,*,*,*,3400000,,,,,,,
1676285207716,*,*,*,*,3399999,,,,,,,
1676285207916,*,*,*,*,3400000,,,,,,,
1676285208116,*,*,*,*,3400000,,,,,,,
1676285208316,*,*,*,*,3399999,,,,,,,
1676285208516,*,*,*,*,3399999,,,,,,,
1676285208716,*,*,*,*,3400000,,,,,,,
1676285208916,*,*,*,*,3399999,,,,,,,
1676285209008,*,*,*,*,*,100.0,1.1g,26736,2108,68000,0.00,0.00
1676285209116,*,*,*,*,3400000,,,,,,,
1676285209315,*,*,*,*,3399999,,,,,,,
1676285209516,*,*,*,*,3399999,,,,,,,
1676285209716,*,*,*,*,3400000,,,,,,,
1676285209916,*,*,*,*,3399999,,,,,,,
1676285210116,*,*,*,*,3400000,,,,,,,
1676285210315,*,*,*,*,3399999,,,,,,,
1676285210516,*,*,*,*,3399999,,,,,,,
1676285210716,*,*,*,*,3399999,,,,,,,
1676285210916,*,*,*,*,3400000,,,,,,,
1676285211116,*,*,*,*,3399999,,,,,,,
1676285211316,*,*,*,*,3399999,,,,,,,
1676285211516,*,*,*,*,3400000,,,,,,,
1676285211716,*,*,*,*,3399999,,,,,,,
1676285211916,*,*,*,*,3400000,,,,,,,
1676285212116,*,*,*,*,3399999,,,,,,,
1676285212316,*,*,*,*,3399999,,,,,,,
1676285212516,*,*,*,*,3399999,,,,,,,
1676285212716,*,*,*,*,3400000,,,,,,,
1676285212916,*,*,*,*,3399999,,,,,,,
1676285213116,*,*,*,*,3400000,,,,,,,
1676285213248,*,*,*,*,*,100.0,1.1g,26736,2108,69000,0.00,0.00
1676285213315,*,*,*,*,3400000,,,,,,,
1676285213516,*,*,*,*,3399999,,,,,,,
1676285213716,*,*,*,*,3399999,,,,,,,
1676285213916,*,*,*,*,3399999,,,,,,,
1676285214116,*,*,*,*,3399999,,,,,,,
1676285214316,*,*,*,*,3400000,,,,,,,
1676285214516,*,*,*,*,3399999,,,,,,,
1676285214716,*,*,*,*,3400000,,,,,,,
1676285214916,*,*,*,*,3399999,,,,,,,
1676285215116,*,*,*,*,3400000,,,,,,,
1676285215316,*,*,*,*,3400000,,,,,,,
1676285215516,*,*,*,*,3399999,,,,,,,
1676285215716,*,*,*,*,3400000,,,,,,,
1676285215916,*,*,*,*,3399999,,,,,,,
1676285216116,*,*,*,*,3399999,,,,,,,
1676285216316,*,*,*,*,3399999,,,,,,,
1676285216516,*,*,*,*,3399999,,,,,,,
1676285216716,*,*,*,*,3399999,,,,,,,
1676285216916,*,*,*,*,3399999,,,,,,,
1676285217116,*,*,*,*,3399999,,,,,,,
1676285217316,*,*,*,*,3400000,,,,,,,
1676285217488,*,*,*,*,*,100.0,1.1g,26736,2108,68000,0.00,0.00
1676285217516,*,*,*,*,3399999,,,,,,,
1676285217716,*,*,*,*,3400000,,,,,,,
1676285217916,*,*,*,*,3399999,,,,,,,
1676285218116,*,*,*,*,3400000,,,,,,,
1676285218316,*,*,*,*,3399999,,,,,,,
1676285218516,*,*,*,*,3400000,,,,,,,
1676285218716,*,*,*,*,3399999,,,,,,,
1676285218916,*,*,*,*,3399999,,,,,,,
1676285219116,*,*,*,*,3400000,,,,,,,
1676285219315,*,*,*,*,3400000,,,,,,,
1676285219516,*,*,*,*,3400000,,,,,,,
1676285219716,*,*,*,*,3400000,,,,,,,
1676285219916,*,*,*,*,3399999,,,,,,,
1676285220116,*,*,*,*,3399676,,,,,,,
1676285220315,*,*,*,*,3400000,,,,,,,
1676285220516,*,*,*,*,3399999,,,,,,,
1676285220716,*,*,*,*,3399999,,,,,,,
1676285220916,*,*,*,*,3400000,,,,,,,
1676285221116,*,*,*,*,3399999,,,,,,,
1676285221316,*,*,*,*,3399999,,,,,,,
1676285221516,*,*,*,*,3400000,,,,,,,
1676285221716,*,*,*,*,3399999,,,,,,,
1676285221728,*,*,*,*,*,100.0,1.1g,26736,2108,66000,0.00,0.00
1676285221916,*,*,*,*,3400000,,,,,,,
1676285222116,*,*,*,*,3399999,,,,,,,
1676285222316,*,*,*,*,3399999,,,,,,,
1676285222516,*,*,*,*,3399999,,,,,,,
1676285222716,*,*,*,*,3400000,,,,,,,
1676285222916,*,*,*,*,3399999,,,,,,,
1676285223116,*,*,*,*,3400000,,,,,,,
1676285223315,*,*,*,*,3400000,,,,,,,
1676285223516,*,*,*,*,3399999,,,,,,,
1676285223716,*,*,*,*,3399999,,,,,,,
1676285223916,*,*,*,*,3399999,,,,,,,
1676285224129,*,*,*,*,3400000,,,,,,,
1676285224315,*,*,*,*,3400000,,,,,,,
1676285224516,*,*,*,*,3399999,,,,,,,
1676285224716,*,*,*,*,3400000,,,,,,,
1676285224916,*,*,*,*,3399999,,,,,,,
1676285225116,*,*,*,*,3400000,,,,,,,
1676285225316,*,*,*,*,3399999,,,,,,,
1676285225516,*,*,*,*,3398264,,,,,,,
1676285225716,*,*,*,*,3399999,,,,,,,
1676285225916,*,*,*,*,3400000,,,,,,,
1676285225968,*,*,*,*,*,100.0,1.1g,26736,2108,69000,0.00,0.00
1676285226116,*,*,*,*,3400000,,,,,,,
1676285226316,*,*,*,*,3399999,,,,,,,
1676285226516,*,*,*,*,3399999,,,,,,,
1676285226716,*,*,*,*,3400000,,,,,,,
1676285226916,*,*,*,*,3400000,,,,,,,
1676285227116,*,*,*,*,3400000,,,,,,,
1676285227316,*,*,*,*,3399999,,,,,,,
1676285227516,*,*,*,*,3399999,,,,,,,
1676285227716,*,*,*,*,3400000,,,,,,,
1676285227916,*,*,*,*,3400000,,,,,,,
1676285228116,*,*,*,*,3399999,,,,,,,
1676285228316,*,*,*,*,3399999,,,,,,,
1676285228516,*,*,*,*,3400000,,,,,,,
1676285228716,*,*,*,*,3400000,,,,,,,
1676285228916,*,*,*,*,3399999,,,,,,,
1676285229116,*,*,*,*,3400000,,,,,,,
1676285229315,*,*,*,*,3399999,,,,,,,
1676285229516,*,*,*,*,3399999,,,,,,,
1676285229716,*,*,*,*,3400000,,,,,,,
1676285229916,*,*,*,*,3400000,,,,,,,
1676285230116,*,*,*,*,3399999,,,,,,,
1676285230210,*,*,*,*,*,100.0,1.1g,26736,2108,68000,0.00,0.00
1676285230316,*,*,*,*,3400000,,,,,,,
1676285230516,*,*,*,*,3400000,,,,,,,
1676285230716,*,*,*,*,3399999,,,,,,,
1676285230916,*,*,*,*,3400000,,,,,,,
1676285231116,*,*,*,*,3399999,,,,,,,
1676285231315,*,*,*,*,3399999,,,,,,,
1676285231516,*,*,*,*,3399999,,,,,,,
1676285231716,*,*,*,*,3399999,,,,,,,
1676285231916,*,*,*,*,3400000,,,,,,,
1676285232116,*,*,*,*,3399999,,,,,,,
1676285232316,*,*,*,*,3400000,,,,,,,
1676285232516,*,*,*,*,3399999,,,,,,,
1676285232716,*,*,*,*,3399999,,,,,,,
1676285232916,*,*,*,*,3400000,,,,,,,
1676285233116,*,*,*,*,3400000,,,,,,,
1676285233316,*,*,*,*,3399999,,,,,,,
1676285233516,*,*,*,*,3399999,,,,,,,
1676285233716,*,*,*,*,3400000,,,,,,,
1676285233916,*,*,*,*,3399999,,,,,,,
1676285234116,*,*,*,*,3399999,,,,,,,
1676285234315,*,*,*,*,3399999,,,,,,,
1676285234450,*,*,*,*,*,100.0,1.1g,26736,2108,69000,0.00,0.00
1676285234516,*,*,*,*,3400000,,,,,,,
1676285234716,*,*,*,*,3399999,,,,,,,
1676285234916,*,*,*,*,3400000,,,,,,,
1676285235116,*,*,*,*,3399999,,,,,,,
1676285235316,*,*,*,*,3400000,,,,,,,
1676285235516,*,*,*,*,3400000,,,,,,,
1676285235716,*,*,*,*,3399999,,,,,,,
1676285235916,*,*,*,*,3400000,,,,,,,
1676285236116,*,*,*,*,3400000,,,,,,,
1676285236316,*,*,*,*,3399999,,,,,,,
1676285236516,*,*,*,*,3399999,,,,,,,
1676285236716,*,*,*,*,3400000,,,,,,,
1676285236916,*,*,*,*,3400000,,,,,,,
1676285237116,*,*,*,*,3399999,,,,,,,
1676285237315,*,*,*,*,3400000,,,,,,,
1676285237516,*,*,*,*,3400000,,,,,,,
1676285237716,*,*,*,*,3399999,,,,,,,
1676285237916,*,*,*,*,3399999,,,,,,,
1676285238116,*,*,*,*,3400000,,,,,,,
1676285238315,*,*,*,*,3399999,,,,,,,
1676285238516,*,*,*,*,3400000,,,,,,,
1676285238688,*,*,*,*,*,100.0,1.1g,26736,2108,67000,0.00,0.00
1676285238716,*,*,*,*,3399999,,,,,,,
1676285238916,*,*,*,*,3399999,,,,,,,
1676285239116,*,*,*,*,3400000,,,,,,,
1676285239315,*,*,*,*,3400000,,,,,,,
1676285239516,*,*,*,*,3399999,,,,,,,
1676285239716,*,*,*,*,3400000,,,,,,,
1676285239916,*,*,*,*,3400000,,,,,,,
1676285240116,*,*,*,*,3399999,,,,,,,
1676285240316,*,*,*,*,3399999,,,,,,,
1676285240516,*,*,*,*,3400000,,,,,,,
1676285240716,*,*,*,*,3399999,,,,,,,
1676285240916,*,*,*,*,3399999,,,,,,,
1676285241116,*,*,*,*,3400000,,,,,,,
1676285241316,*,*,*,*,3399999,,,,,,,
1676285241516,*,*,*,*,3399999,,,,,,,
1676285241717,*,*,*,*,3400000,,,,,,,
1676285241916,*,*,*,*,3400000,,,,,,,
1676285242116,*,*,*,*,3399999,,,,,,,
1676285242316,*,*,*,*,3400000,,,,,,,
1676285242516,*,*,*,*,3400000,,,,,,,
1676285242716,*,*,*,*,3399999,,,,,,,
1676285242916,*,*,*,*,3400000,,,,,,,
1676285242929,*,*,*,*,*,100.0,1.1g,26736,2108,68000,0.00,0.00
1676285243116,*,*,*,*,3400000,,,,,,,
1676285243315,*,*,*,*,3400000,,,,,,,
1676285243516,*,*,*,*,3399999,,,,,,,
1676285243716,*,*,*,*,3400000,,,,,,,
1676285243916,*,*,*,*,3399999,,,,,,,
1676285244116,*,*,*,*,3399999,,,,,,,
1676285244315,*,*,*,*,3399999,,,,,,,
1676285244516,*,*,*,*,3400000,,,,,,,
1676285244716,*,*,*,*,3400000,,,,,,,
1676285244916,*,*,*,*,3399999,,,,,,,
1676285245116,*,*,*,*,3399999,,,,,,,
1676285245316,*,*,*,*,3400000,,,,,,,
1676285245516,*,*,*,*,3400000,,,,,,,
1676285245716,*,*,*,*,3399999,,,,,,,
1676285245916,*,*,*,*,3399999,,,,,,,
1676285246116,*,*,*,*,3400000,,,,,,,
1676285246316,*,*,*,*,3399999,,,,,,,
1676285246516,*,*,*,*,3399999,,,,,,,
1676285246716,*,*,*,*,3399999,,,,,,,
1676285246916,*,*,*,*,3400000,,,,,,,
1676285247116,*,*,*,*,3400000,,,,,,,
1676285247167,*,*,*,*,*,100.0,1.1g,26736,2108,72000,0.00,0.00
1676285247315,*,*,*,*,3399999,,,,,,,
1676285247516,*,*,*,*,3400000,,,,,,,
1676285247716,*,*,*,*,3399999,,,,,,,
1676285247916,*,*,*,*,3399999,,,,,,,
1676285248116,*,*,*,*,3399999,,,,,,,
1676285248315,*,*,*,*,3400000,,,,,,,
1676285248516,*,*,*,*,3400000,,,,,,,
1676285248716,*,*,*,*,3399999,,,,,,,
1676285248916,*,*,*,*,3400000,,,,,,,
1676285249116,*,*,*,*,3399999,,,,,,,
1676285249316,*,*,*,*,3400000,,,,,,,
1676285249516,*,*,*,*,3400000,,,,,,,
1676285249716,*,*,*,*,3399999,,,,,,,
1676285249916,*,*,*,*,3399999,,,,,,,
1676285250116,*,*,*,*,3400000,,,,,,,
1676285250316,*,*,*,*,3399999,,,,,,,
1676285250516,*,*,*,*,3399999,,,,,,,
1676285250716,*,*,*,*,3400000,,,,,,,
1676285250916,*,*,*,*,3400000,,,,,,,
1676285251116,*,*,*,*,3399999,,,,,,,
1676285251315,*,*,*,*,3400000,,,,,,,
1676285251409,*,*,*,*,*,100.0,1.1g,26736,2108,68000,0.00,0.00
1676285251516,*,*,*,*,3399999,,,,,,,
1676285251716,*,*,*,*,3400000,,,,,,,
1676285251916,*,*,*,*,3400000,,,,,,,
1676285252116,*,*,*,*,3399999,,,,,,,
1676285252316,*,*,*,*,3399999,,,,,,,
1676285252516,*,*,*,*,3399999,,,,,,,
1676285252716,*,*,*,*,3399999,,,,,,,
1676285252916,*,*,*,*,3400000,,,,,,,
1676285253116,*,*,*,*,3400000,,,,,,,
1676285253316,*,*,*,*,3399999,,,,,,,
1676285253516,*,*,*,*,3400000,,,,,,,
1676285253716,*,*,*,*,3399999,,,,,,,
1676285253916,*,*,*,*,3400000,,,,,,,
1676285254116,*,*,*,*,3399999,,,,,,,
1676285254315,*,*,*,*,3400000,,,,,,,
1676285254516,*,*,*,*,3399999,,,,,,,
1676285254716,*,*,*,*,3399999,,,,,,,
1676285254916,*,*,*,*,3400000,,,,,,,
1676285255116,*,*,*,*,3400000,,,,,,,
1676285255316,*,*,*,*,3399999,,,,,,,
1676285255516,*,*,*,*,3400000,,,,,,,
1676285255649,*,*,*,*,*,100.0,1.1g,26736,2108,66000,0.00,0.00
1676285255716,*,*,*,*,3400000,,,,,,,
1676285255916,*,*,*,*,3399999,,,,,,,
1676285256116,*,*,*,*,3400000,,,,,,,
1676285256315,*,*,*,*,3400000,,,,,,,
1676285256516,*,*,*,*,3399999,,,,,,,
1676285256716,*,*,*,*,3399999,,,,,,,
1676285256916,*,*,*,*,3399999,,,,,,,
1676285257116,*,*,*,*,3400000,,,,,,,
1676285257315,*,*,*,*,3400000,,,,,,,
1676285257516,*,*,*,*,3399999,,,,,,,
1676285257716,*,*,*,*,3400000,,,,,,,
1676285257916,*,*,*,*,3399999,,,,,,,
1676285258116,*,*,*,*,3399999,,,,,,,
1676285258315,*,*,*,*,3400000,,,,,,,
1676285258516,*,*,*,*,3400000,,,,,,,
1676285258716,*,*,*,*,3399999,,,,,,,
1676285258916,*,*,*,*,3400000,,,,,,,
1676285259116,*,*,*,*,3399999,,,,,,,
1676285259316,*,*,*,*,3400000,,,,,,,
1676285259517,*,*,*,*,3399999,,,,,,,
1676285259716,*,*,*,*,3399999,,,,,,,
1676285259890,*,*,*,*,*,100.0,1.1g,26736,2108,70000,0.00,0.00
1676285259916,*,*,*,*,3400000,,,,,,,
1676285260116,*,*,*,*,3399999,,,,,,,
1676285260315,*,*,*,*,3399999,,,,,,,
1676285260516,*,*,*,*,3399999,,,,,,,
1676285260716,*,*,*,*,3400000,,,,,,,
1676285260916,*,*,*,*,3399999,,,,,,,
1676285261116,*,*,*,*,3400000,,,,,,,
1676285261315,*,*,*,*,3399999,,,,,,,
1676285261516,*,*,*,*,3399999,,,,,,,
1676285261716,*,*,*,*,3399999,,,,,,,
1676285261916,*,*,*,*,3400000,,,,,,,
1676285262116,*,*,*,*,3400000,,,,,,,
1676285262316,*,*,*,*,3399999,,,,,,,
1676285262516,*,*,*,*,3400000,,,,,,,
1676285262716,*,*,*,*,3399999,,,,,,,
1676285262916,*,*,*,*,3399999,,,,,,,
1676285263116,*,*,*,*,3399999,,,,,,,
1676285263316,*,*,*,*,3399999,,,,,,,
1676285263516,*,*,*,*,3400000,,,,,,,
1676285263716,*,*,*,*,3399999,,,,,,,
1676285263916,*,*,*,*,3400000,,,,,,,
1676285264116,*,*,*,*,3399999,,,,,,,
1676285264132,*,*,*,*,*,92.7,84716,380,2929,70000,0.00,0.00
1676285264315,*,*,*,*,3400000,,,,,,,
1676285264516,*,*,*,*,3399999,,,,,,,
1676285264716,*,*,*,*,3400000,,,,,,,
1676285264916,*,*,*,*,3399999,,,,,,,
1676285265116,*,*,*,*,3400000,,,,,,,
1676285265315,*,*,*,*,3400000,,,,,,,
1676285265516,*,*,*,*,3399999,,,,,,,
1676285265716,*,*,*,*,3400000,,,,,,,
1676285265917,*,*,*,*,3400000,,,,,,,
1676285266117,*,*,*,*,3399690,,,,,,,
1676285266316,*,*,*,*,3399999,,,,,,,
1676285266516,*,*,*,*,3400000,,,,,,,
1676285266716,*,*,*,*,3399999,,,,,,,
1676285266918,*,*,*,*,3395097,,,,,,,
1676285267116,*,*,*,*,2395247,,,,,,,
1676285267317,*,*,*,*,3400000,,,,,,,
1676285267516,*,*,*,*,3399999,,,,,,,
1676285267716,*,*,*,*,3400000,,,,,,,
1676285267916,*,*,*,*,3399999,,,,,,,
1676285268116,*,*,*,*,3400000,,,,,,,
1676285268316,*,*,*,*,3400000,,,,,,,
1676285268376,*,*,*,*,*,99.3,448244,380,2929,67000,78108.09,0.00
1676285268516,*,*,*,*,3399999,,,,,,,
1676285268716,*,*,*,*,3400000,,,,,,,
1676285268916,*,*,*,*,3399999,,,,,,,
1676285269116,*,*,*,*,3399999,,,,,,,
1676285269316,*,*,*,*,3400000,,,,,,,
1676285269516,*,*,*,*,3400000,,,,,,,
1676285269716,*,*,*,*,3307343,,,,,,,
1676285269916,*,*,*,*,3399999,,,,,,,
1676285270116,*,*,*,*,3400000,,,,,,,
1676285270316,*,*,*,*,3399999,,,,,,,
1676285270516,*,*,*,*,3399999,,,,,,,
1676285270716,*,*,*,*,3400000,,,,,,,
1676285270916,*,*,*,*,3399999,,,,,,,
1676285271116,*,*,*,*,3400000,,,,,,,
1676285271316,*,*,*,*,3398549,,,,,,,
1676285271518,*,*,*,*,3284203,,,,,,,
1676285271716,*,*,*,*,3399999,,,,,,,
1676285271916,*,*,*,*,3400000,,,,,,,
1676285272116,*,*,*,*,3399474,,,,,,,
1676285272316,*,*,*,*,3400000,,,,,,,
1676285272516,*,*,*,*,3398686,,,,,,,
1676285272616,*,*,*,*,*,100.0,634892,380,2929,68000,92591.06,0.00
1676285272716,*,*,*,*,3400000,,,,,,,
1676285272916,*,*,*,*,3400000,,,,,,,
1676285273116,*,*,*,*,3400000,,,,,,,
1676285273316,*,*,*,*,3400000,,,,,,,
1676285273516,*,*,*,*,3399999,,,,,,,
1676285273716,*,*,*,*,3400000,,,,,,,
1676285273916,*,*,*,*,3400000,,,,,,,
1676285274116,*,*,*,*,3399999,,,,,,,
1676285274316,*,*,*,*,3399999,,,,,,,
1676285274516,*,*,*,*,3400000,,,,,,,
1676285274716,*,*,*,*,3400000,,,,,,,
1676285274916,*,*,*,*,3400000,,,,,,,
1676285275116,*,*,*,*,3400000,,,,,,,
1676285275316,*,*,*,*,3399999,,,,,,,
1676285275516,*,*,*,*,3400000,,,,,,,
1676285275716,*,*,*,*,3400000,,,,,,,
1676285275916,*,*,*,*,3400000,,,,,,,
1676285276116,*,*,*,*,3399999,,,,,,,
1676285276316,*,*,*,*,3400000,,,,,,,
1676285276516,*,*,*,*,3400000,,,,,,,
1676285276716,*,*,*,*,3399999,,,,,,,
1676285276856,*,*,*,*,*,100.0,820220,380,2929,67000,41284.74,0.00
1676285276916,*,*,*,*,3400000,,,,,,,
1676285277116,*,*,*,*,3399999,,,,,,,
1676285277316,*,*,*,*,3399999,,,,,,,
1676285277516,*,*,*,*,3400000,,,,,,,
1676285277716,*,*,*,*,3399999,,,,,,,
1676285277916,*,*,*,*,3400000,,,,,,,
1676285278116,*,*,*,*,3399999,,,,,,,
1676285278316,*,*,*,*,3399999,,,,,,,
1676285278516,*,*,*,*,3400000,,,,,,,
1676285278716,*,*,*,*,3399999,,,,,,,
1676285278916,*,*,*,*,3400000,,,,,,,
1676285279116,*,*,*,*,3400000,,,,,,,
1676285279316,*,*,*,*,3399999,,,,,,,
1676285279516,*,*,*,*,3400000,,,,,,,
1676285279716,*,*,*,*,3400000,,,,,,,
1676285279916,*,*,*,*,3399999,,,,,,,
1676285280116,*,*,*,*,3399745,,,,,,,
1676285280316,*,*,*,*,3400000,,,,,,,
1676285280516,*,*,*,*,3399999,,,,,,,
1676285280717,*,*,*,*,3399999,,,,,,,
1676285280917,*,*,*,*,3399999,,,,,,,
1676285281096,*,*,*,*,*,98.7,703092,38488,2934,67000,93476.62,0.00
1676285281116,*,*,*,*,3398649,,,,,,,
1676285281316,*,*,*,*,3397669,,,,,,,
1676285281516,*,*,*,*,3400000,,,,,,,
1676285281716,*,*,*,*,3399999,,,,,,,
1676285281916,*,*,*,*,3400000,,,,,,,
1676285282116,*,*,*,*,3399999,,,,,,,
1676285282316,*,*,*,*,3400000,,,,,,,
1676285282516,*,*,*,*,3399999,,,,,,,
1676285282716,*,*,*,*,3399999,,,,,,,
1676285282916,*,*,*,*,3400000,,,,,,,
1676285283116,*,*,*,*,3399999,,,,,,,
1676285283316,*,*,*,*,3399999,,,,,,,
1676285283516,*,*,*,*,3400000,,,,,,,
1676285283716,*,*,*,*,3398442,,,,,,,
1676285283916,*,*,*,*,3272951,,,,,,,
1676285284116,*,*,*,*,3400000,,,,,,,
1676285284316,*,*,*,*,3399999,,,,,,,
1676285284516,*,*,*,*,3400000,,,,,,,
1676285284716,*,*,*,*,3400000,,,,,,,
1676285284917,*,*,*,*,3400000,,,,,,,
1676285285116,*,*,*,*,3400000,,,,,,,
1676285285316,*,*,*,*,3400000,,,,,,,
1676285285338,*,*,*,*,*,88.7,787280,118772,2934,66000,87681.89,0.00
1676285285516,*,*,*,*,3400000,,,,,,,
1676285285716,*,*,*,*,3400002,,,,,,,
1676285285916,*,*,*,*,3248202,,,,,,,
1676285286116,*,*,*,*,3400002,,,,,,,
1676285286316,*,*,*,*,3399095,,,,,,,
1676285286516,*,*,*,*,3400001,,,,,,,
1676285286716,*,*,*,*,3400001,,,,,,,
1676285286916,*,*,*,*,3397691,,,,,,,
1676285287116,*,*,*,*,3398456,,,,,,,
1676285287316,*,*,*,*,3398300,,,,,,,
1676285287516,*,*,*,*,3396946,,,,,,,
1676285287716,*,*,*,*,3400000,,,,,,,
1676285287916,*,*,*,*,3392828,,,,,,,
1676285288116,*,*,*,*,3164893,,,,,,,
1676285288316,*,*,*,*,3395702,,,,,,,
1676285288516,*,*,*,*,3400000,,,,,,,
1676285288716,*,*,*,*,3400000,,,,,,,
1676285288916,*,*,*,*,3275037,,,,,,,
1676285289116,*,*,*,*,3400000,,,,,,,
1676285289316,*,*,*,*,3400000,,,,,,,
1676285289516,*,*,*,*,3400000,,,,,,,
1676285289578,*,*,*,*,*,95.3,918840,156436,2934,67000,82442.08,0.00
1676285289716,*,*,*,*,3399999,,,,,,,
1676285289916,*,*,*,*,3400000,,,,,,,
1676285290116,*,*,*,*,3399999,,,,,,,
1676285290316,*,*,*,*,3400000,,,,,,,
1676285290516,*,*,*,*,3400000,,,,,,,
1676285290716,*,*,*,*,3398556,,,,,,,
1676285290916,*,*,*,*,3265792,,,,,,,
1676285291116,*,*,*,*,3134531,,,,,,,
1676285291316,*,*,*,*,3394278,,,,,,,
1676285291516,*,*,*,*,3400000,,,,,,,
1676285291716,*,*,*,*,3263275,,,,,,,
1676285291918,*,*,*,*,3163075,,,,,,,
1676285292116,*,*,*,*,3392602,,,,,,,
1676285292316,*,*,*,*,3400000,,,,,,,
1676285292516,*,*,*,*,3399831,,,,,,,
1676285292716,*,*,*,*,3400001,,,,,,,
1676285292916,*,*,*,*,3398270,,,,,,,
1676285293116,*,*,*,*,3374568,,,,,,,
1676285293316,*,*,*,*,3400001,,,,,,,
1676285293516,*,*,*,*,3396519,,,,,,,
1676285293716,*,*,*,*,3400001,,,,,,,
1676285293818,*,*,*,*,*,33.3,1.1g,216296,5721,53000,45779.97,0.00
1676285293916,*,*,*,*,3400000,,,,,,,
1676285294116,*,*,*,*,3400000,,,,,,,
1676285294318,*,*,*,*,2792514,,,,,,,
1676285294515,*,*,*,*,3370356,,,,,,,
1676285294721,*,*,*,*,2155135,,,,,,,
1676285294922,*,*,*,*,1824495,,,,,,,
1676285295122,*,*,*,*,2398671,,,,,,,
1676285295318,*,*,*,*,2419156,,,,,,,
1676285295516,*,*,*,*,2732638,,,,,,,
1676285295722,*,*,*,*,2066286,,,,,,,
1676285295917,*,*,*,*,3157469,,,,,,,
1676285296121,*,*,*,*,1740762,,,,,,,
1676285296315,*,*,*,*,3278410,,,,,,,
1676285296517,*,*,*,*,2935332,,,,,,,
1676285296715,*,*,*,*,2838969,,,,,,,
1676285296915,*,*,*,*,3336572,,,,,,,
1676285297115,*,*,*,*,3379021,,,,,,,
1676285297317,*,*,*,*,3307039,,,,,,,
1676285297522,*,*,*,*,1800085,,,,,,,
1676285297722,*,*,*,*,2017699,,,,,,,
1676285297920,*,*,*,*,1960886,,,,,,,
1676285298060,*,*,*,*,*,31.0,760612,28720,15k,56000,251.64,0.00
1676285298122,*,*,*,*,1963841,,,,,,,
1676285298315,*,*,*,*,2190736,,,,,,,
1676285298515,*,*,*,*,2627199,,,,,,,
1676285298721,*,*,*,*,1834638,,,,,,,
1676285298917,*,*,*,*,2035425,,,,,,,
1676285299122,*,*,*,*,2083400,,,,,,,
1676285299315,*,*,*,*,2606547,,,,,,,
1676285299518,*,*,*,*,2455663,,,,,,,
1676285299722,*,*,*,*,2751214,,,,,,,
1676285299921,*,*,*,*,1915340,,,,,,,
1676285300117,*,*,*,*,2646191,,,,,,,
1676285300318,*,*,*,*,1899983,,,,,,,
1676285300515,*,*,*,*,2389015,,,,,,,
1676285300715,*,*,*,*,3334029,,,,,,,
1676285300915,*,*,*,*,2996064,,,,,,,
1676285301115,*,*,*,*,2820149,,,,,,,
1676285301315,*,*,*,*,3400019,,,,,,,
1676285301516,*,*,*,*,3399999,,,,,,,
1676285301716,*,*,*,*,3400000,,,,,,,
1676285301916,*,*,*,*,3400000,,,,,,,
1676285302116,*,*,*,*,3399999,,,,,,,
1676285302300,*,*,*,*,*,100.0,762352,26980,15k,68000,0.00,0.00
1676285302316,*,*,*,*,3399999,,,,,,,
1676285302516,*,*,*,*,3400000,,,,,,,
1676285302716,*,*,*,*,3399999,,,,,,,
1676285302916,*,*,*,*,3400000,,,,,,,
1676285303116,*,*,*,*,3399999,,,,,,,
1676285303315,*,*,*,*,3399999,,,,,,,
1676285303516,*,*,*,*,3399999,,,,,,,
1676285303716,*,*,*,*,3400000,,,,,,,
1676285303916,*,*,*,*,3399999,,,,,,,
1676285304116,*,*,*,*,3399999,,,,,,,
1676285304315,*,*,*,*,3400000,,,,,,,
1676285304516,*,*,*,*,3399999,,,,,,,
1676285304716,*,*,*,*,3399999,,,,,,,
1676285304916,*,*,*,*,3400000,,,,,,,
1676285305116,*,*,*,*,3400000,,,,,,,
1676285305315,*,*,*,*,3399999,,,,,,,
1676285305516,*,*,*,*,3400000,,,,,,,
1676285305716,*,*,*,*,3399999,,,,,,,
1676285305918,*,*,*,*,3400000,,,,,,,
1676285306116,*,*,*,*,3399999,,,,,,,
1676285306316,*,*,*,*,3399999,,,,,,,
1676285306516,*,*,*,*,3399999,,,,,,,
1676285306539,*,*,*,*,*,100.0,762352,26980,15k,69000,0.00,0.00
1676285306716,*,*,*,*,3400000,,,,,,,
1676285306916,*,*,*,*,3400000,,,,,,,
1676285307116,*,*,*,*,3399999,,,,,,,
1676285307315,*,*,*,*,3400000,,,,,,,
1676285307516,*,*,*,*,3400000,,,,,,,
1676285307716,*,*,*,*,3400000,,,,,,,
1676285307916,*,*,*,*,3399999,,,,,,,
1676285308116,*,*,*,*,3399999,,,,,,,
1676285308316,*,*,*,*,3399999,,,,,,,
1676285308516,*,*,*,*,3400000,,,,,,,
1676285308716,*,*,*,*,3399999,,,,,,,
1676285308916,*,*,*,*,3400000,,,,,,,
1676285309116,*,*,*,*,3400000,,,,,,,
1676285309315,*,*,*,*,3399999,,,,,,,
1676285309516,*,*,*,*,3400000,,,,,,,
1676285309716,*,*,*,*,3399999,,,,,,,
1676285309916,*,*,*,*,3400000,,,,,,,
1676285310116,*,*,*,*,3399999,,,,,,,
1676285310316,*,*,*,*,3400000,,,,,,,
1676285310516,*,*,*,*,3400000,,,,,,,
1676285310716,*,*,*,*,3400000,,,,,,,
1676285310785,*,*,*,*,*,100.0,762352,26980,15k,67000,0.00,0.00
1676285310916,*,*,*,*,3399999,,,,,,,
1676285311116,*,*,*,*,3400000,,,,,,,
1676285311316,*,*,*,*,3400000,,,,,,,
1676285311516,*,*,*,*,3399999,,,,,,,
1676285311716,*,*,*,*,3400000,,,,,,,
1676285311916,*,*,*,*,3400000,,,,,,,
1676285312116,*,*,*,*,3399999,,,,,,,
1676285312315,*,*,*,*,3400000,,,,,,,
1676285312516,*,*,*,*,3399999,,,,,,,
1676285312716,*,*,*,*,3400000,,,,,,,
1676285312916,*,*,*,*,3399999,,,,,,,
1676285313116,*,*,*,*,3400000,,,,,,,
1676285313315,*,*,*,*,3399999,,,,,,,
1676285313516,*,*,*,*,3399999,,,,,,,
1676285313716,*,*,*,*,3399999,,,,,,,
1676285313916,*,*,*,*,3400000,,,,,,,
1676285314116,*,*,*,*,3399999,,,,,,,
1676285314315,*,*,*,*,3400000,,,,,,,
1676285314516,*,*,*,*,3400000,,,,,,,
1676285314716,*,*,*,*,3400000,,,,,,,
1676285314916,*,*,*,*,3399999,,,,,,,
1676285315023,*,*,*,*,*,98.7,1.1g,66748,15k,69000,13468.06,0.00
1676285315116,*,*,*,*,3399999,,,,,,,
1676285315315,*,*,*,*,3399999,,,,,,,
1676285315516,*,*,*,*,3399999,,,,,,,
1676285315724,*,*,*,*,3396270,,,,,,,
1676285315916,*,*,*,*,3399999,,,,,,,
1676285316116,*,*,*,*,3400000,,,,,,,
1676285316316,*,*,*,*,3400000,,,,,,,
1676285316516,*,*,*,*,3399999,,,,,,,
1676285316716,*,*,*,*,3400000,,,,,,,
1676285316916,*,*,*,*,3399999,,,,,,,
1676285317116,*,*,*,*,3399999,,,,,,,
1676285317316,*,*,*,*,3399999,,,,,,,
1676285317516,*,*,*,*,3399999,,,,,,,
1676285317716,*,*,*,*,3400000,,,,,,,
1676285317916,*,*,*,*,3321544,,,,,,,
1676285318116,*,*,*,*,3400000,,,,,,,
1676285318316,*,*,*,*,3399999,,,,,,,
1676285318516,*,*,*,*,3399999,,,,,,,
1676285318716,*,*,*,*,3400000,,,,,,,
1676285318916,*,*,*,*,3400000,,,,,,,
1676285319116,*,*,*,*,3380570,,,,,,,
1676285319266,*,*,*,*,*,47.7,1.0g,266676,19k,68000,0.00,0.00
1676285319316,*,*,*,*,2350803,,,,,,,
1676285319517,*,*,*,*,2745185,,,,,,,
1676285319723,*,*,*,*,2009840,,,,,,,
1676285319922,*,*,*,*,2523727,,,,,,,
1676285320123,*,*,*,*,1751563,,,,,,,
1676285320315,*,*,*,*,3027286,,,,,,,
1676285320521,*,*,*,*,2355190,,,,,,,
1676285320716,*,*,*,*,2841928,,,,,,,
1676285320922,*,*,*,*,1607934,,,,,,,
1676285321116,*,*,*,*,3161501,,,,,,,
1676285321318,*,*,*,*,2535162,,,,,,,
1676285321521,*,*,*,*,1991837,,,,,,,
1676285321716,*,*,*,*,3356475,,,,,,,
1676285321916,*,*,*,*,3400000,,,,,,,
1676285322116,*,*,*,*,3399999,,,,,,,
1676285322316,*,*,*,*,3400000,,,,,,,
1676285322516,*,*,*,*,3399999,,,,,,,
1676285322716,*,*,*,*,3400000,,,,,,,
1676285322916,*,*,*,*,3399999,,,,,,,
1676285323116,*,*,*,*,3399999,,,,,,,
1676285323315,*,*,*,*,3400000,,,,,,,
1676285323507,*,*,*,*,*,88.7,1.1g,236320,21k,70000,0.00,0.00
1676285323516,*,*,*,*,3399999,,,,,,,
1676285323716,*,*,*,*,3399999,,,,,,,
1676285323916,*,*,*,*,3394587,,,,,,,
1676285324117,*,*,*,*,2205799,,,,,,,
1676285324315,*,*,*,*,2706585,,,,,,,
1676285324516,*,*,*,*,2777949,,,,,,,
1676285324716,*,*,*,*,3399999,,,,,,,
1676285324916,*,*,*,*,3399999,,,,,,,
1676285325116,*,*,*,*,3399999,,,,,,,
1676285325316,*,*,*,*,3399999,,,,,,,
1676285325516,*,*,*,*,3400000,,,,,,,
1676285325716,*,*,*,*,3399999,,,,,,,
1676285325916,*,*,*,*,3399999,,,,,,,
1676285326116,*,*,*,*,3400000,,,,,,,
1676285326316,*,*,*,*,3399999,,,,,,,
1676285326516,*,*,*,*,3400000,,,,,,,
1676285326716,*,*,*,*,3399999,,,,,,,
1676285326916,*,*,*,*,3399999,,,,,,,
1676285327116,*,*,*,*,3400000,,,,,,,
1676285327316,*,*,*,*,3399999,,,,,,,
1676285327516,*,*,*,*,3400000,,,,,,,
1676285327716,*,*,*,*,3399999,,,,,,,
1676285327747,*,*,*,*,*,100.0,1.1g,236320,21k,69000,0.00,0.00
1676285327916,*,*,*,*,3400000,,,,,,,
1676285328116,*,*,*,*,3399999,,,,,,,
1676285328316,*,*,*,*,3400000,,,,,,,
1676285328516,*,*,*,*,3399999,,,,,,,
1676285328716,*,*,*,*,3399999,,,,,,,
1676285328916,*,*,*,*,3399999,,,,,,,
1676285329116,*,*,*,*,3400000,,,,,,,
1676285329315,*,*,*,*,3399999,,,,,,,
1676285329516,*,*,*,*,3399999,,,,,,,
1676285329716,*,*,*,*,3399999,,,,,,,
1676285329916,*,*,*,*,3400000,,,,,,,
1676285330116,*,*,*,*,3399999,,,,,,,
1676285330316,*,*,*,*,3399999,,,,,,,
1676285330516,*,*,*,*,3400000,,,,,,,
1676285330716,*,*,*,*,3399999,,,,,,,
1676285330916,*,*,*,*,3400000,,,,,,,
1676285331116,*,*,*,*,3399999,,,,,,,
1676285331315,*,*,*,*,3400000,,,,,,,
1676285331516,*,*,*,*,3399999,,,,,,,
1676285331716,*,*,*,*,3400000,,,,,,,
1676285331916,*,*,*,*,3399999,,,,,,,
1676285331987,*,*,*,*,*,100.0,1.1g,236320,21k,66000,0.00,0.00
1676285332116,*,*,*,*,3400000,,,,,,,
1676285332316,*,*,*,*,3399999,,,,,,,
1676285332516,*,*,*,*,3400000,,,,,,,
1676285332716,*,*,*,*,3400000,,,,,,,
1676285332916,*,*,*,*,3399999,,,,,,,
1676285333116,*,*,*,*,3399999,,,,,,,
1676285333316,*,*,*,*,3400000,,,,,,,
1676285333516,*,*,*,*,3399999,,,,,,,
1676285333716,*,*,*,*,3400000,,,,,,,
1676285333916,*,*,*,*,3400000,,,,,,,
1676285334116,*,*,*,*,3399999,,,,,,,
1676285334316,*,*,*,*,3399999,,,,,,,
1676285334516,*,*,*,*,3400000,,,,,,,
1676285334716,*,*,*,*,3400000,,,,,,,
1676285334916,*,*,*,*,3399999,,,,,,,
1676285335116,*,*,*,*,3399999,,,,,,,
1676285335316,*,*,*,*,3399999,,,,,,,
1676285335516,*,*,*,*,3400000,,,,,,,
1676285335716,*,*,*,*,3400000,,,,,,,
1676285335916,*,*,*,*,3400000,,,,,,,
1676285336116,*,*,*,*,3399999,,,,,,,
1676285336228,*,*,*,*,*,100.0,1.1g,236320,21k,68000,0.00,0.00
1676285336316,*,*,*,*,3399999,,,,,,,
1676285336516,*,*,*,*,3400000,,,,,,,
1676285336716,*,*,*,*,3399999,,,,,,,
1676285336916,*,*,*,*,3400000,,,,,,,
1676285337116,*,*,*,*,3399999,,,,,,,
1676285337316,*,*,*,*,3399999,,,,,,,
1676285337516,*,*,*,*,3399999,,,,,,,
1676285337716,*,*,*,*,3399999,,,,,,,
1676285337916,*,*,*,*,3400000,,,,,,,
1676285338116,*,*,*,*,3399999,,,,,,,
1676285338316,*,*,*,*,3400000,,,,,,,
1676285338516,*,*,*,*,3399999,,,,,,,
1676285338716,*,*,*,*,3400000,,,,,,,
1676285338916,*,*,*,*,3400000,,,,,,,
1676285339116,*,*,*,*,3400000,,,,,,,
1676285339316,*,*,*,*,3399999,,,,,,,
1676285339516,*,*,*,*,3399999,,,,,,,
1676285339716,*,*,*,*,3400000,,,,,,,
1676285339916,*,*,*,*,3399999,,,,,,,
1676285340116,*,*,*,*,3400000,,,,,,,
1676285340316,*,*,*,*,3400000,,,,,,,
1676285340467,*,*,*,*,*,100.0,1.1g,236320,21k,69000,0.00,0.00
1676285340516,*,*,*,*,3400000,,,,,,,
1676285340716,*,*,*,*,3399999,,,,,,,
1676285340916,*,*,*,*,3399999,,,,,,,
1676285341116,*,*,*,*,3399999,,,,,,,
1676285341316,*,*,*,*,3400000,,,,,,,
1676285341516,*,*,*,*,3399999,,,,,,,
1676285341716,*,*,*,*,3399999,,,,,,,
1676285341916,*,*,*,*,3399999,,,,,,,
1676285342116,*,*,*,*,3400000,,,,,,,
1676285342316,*,*,*,*,3399999,,,,,,,
1676285342516,*,*,*,*,3400000,,,,,,,
1676285342716,*,*,*,*,3400000,,,,,,,
1676285342916,*,*,*,*,3399999,,,,,,,
1676285343116,*,*,*,*,3399999,,,,,,,
1676285343316,*,*,*,*,3399999,,,,,,,
1676285343516,*,*,*,*,3400000,,,,,,,
1676285343716,*,*,*,*,3399999,,,,,,,
1676285343916,*,*,*,*,3400000,,,,,,,
1676285344116,*,*,*,*,3400000,,,,,,,
1676285344316,*,*,*,*,3400000,,,,,,,
1676285344516,*,*,*,*,3399999,,,,,,,
1676285344715,*,*,*,*,3399999,,,,,,,
1676285344916,*,*,*,*,3399999,,,,,,,
1676285345116,*,*,*,*,3399999,,,,,,,
1676285345318,*,*,*,*,1816717,,,,,,,
