-0.2,13421800,1342180,10,10,360.000,9,227.310250,0,0.000009,6.424592,3.548935,1.023815,0.208865,{||0,94;2294;96.238602;240.003943;164.778444;107.314156;0.3487||1,0;0;0.000000;0.000000;-nan;0.000000;-nan||2,0;0;0.000000;0.000000;-nan;0.000000;-nan||3,0;0;0.000000;0.000000;-nan;0.000000;-nan||4,0;0;0.000000;0.000000;-nan;0.000000;-nan||5,0;0;0.000000;0.000000;-nan;0.000000;-nan||6,0;0;0.000000;0.000000;-nan;0.000000;-nan||7,0;0;0.000000;0.000000;-nan;0.000000;-nan||8,0;0;0.000000;0.000000;-nan;0.000000;-nan||9,0;0;0.000000;0.000000;-nan;0.000000;-nan||10,0;0;0.000000;0.000000;-nan;0.000000;-nan}
-0.2,13421800,1342180,10,10,360.000,9,192.093162,0,0.000009,5.630798,3.529981,1.043113,0.215800,{||0,56;2294;58.414315;236.590813;166.886607;68.683938;0.5884||1,0;0;0.000000;0.000000;-nan;0.000000;-nan||2,0;0;0.000000;0.000000;-nan;0.000000;-nan||3,0;0;0.000000;0.000000;-nan;0.000000;-nan||4,0;0;0.000000;0.000000;-nan;0.000000;-nan||5,0;0;0.000000;0.000000;-nan;0.000000;-nan||6,0;0;0.000000;0.000000;-nan;0.000000;-nan||7,0;0;0.000000;0.000000;-nan;0.000000;-nan||8,0;0;0.000000;0.000000;-nan;0.000000;-nan||9,0;0;0.000000;0.000000;-nan;0.000000;-nan||10,0;0;0.000000;0.000000;-nan;0.000000;-nan}
-0.2,13421800,1342180,10,10,360.000,9,230.789855,0,0.000010,6.588165,3.548040,1.029986,0.209408,{||0,89;2294;91.668786;232.118277;165.873553;102.908092;0.3796||1,0;0;0.000000;0.000000;-nan;0.000000;-nan||2,0;0;0.000000;0.000000;-nan;0.000000;-nan||3,0;0;0.000000;0.000000;-nan;0.000000;-nan||4,0;0;0.000000;0.000000;-nan;0.000000;-nan||5,0;0;0.000000;0.000000;-nan;0.000000;-nan||6,0;0;0.000000;0.000000;-nan;0.000000;-nan||7,0;0;0.000000;0.000000;-nan;0.000000;-nan||8,0;0;0.000000;0.000000;-nan;0.000000;-nan||9,0;0;0.000000;0.000000;-nan;0.000000;-nan||10,0;0;0.000000;0.000000;-nan;0.000000;-nan}
-0.2,13421800,1342180,10,10,360.000,9,137.094609,0,0.000002,5.605156,3.528530,1.071175,0.208491,{||0,93;2294;99.619265;332.761237;171.089586;109.855810;0.3579||1,0;0;0.000000;0.000000;inf;0.000000;-nan||2,0;0;0.000000;0.000000;inf;0.000000;-nan||3,0;0;0.000000;0.000000;inf;0.000000;-nan||4,0;0;0.000000;0.000000;inf;0.000000;-nan||5,0;0;0.000000;0.000000;inf;0.000000;-nan||6,0;0;0.000000;0.000000;inf;0.000000;-nan||7,0;0;0.000000;0.000000;inf;0.000000;-nan||8,0;0;0.000000;0.000000;inf;0.000000;-nan||9,0;0;0.000000;0.000000;inf;0.000000;-nan||10,0;0;0.000000;0.000000;inf;0.000000;-nan}
-0.2,13421800,1342180,10,10,360.000,9,154.598289,0,0.000003,5.486561,3.546133,1.062928,0.209890,{||0,101;2294;107.355706;322.905245;169.744679;117.503496;0.3078||1,0;0;0.000000;0.000000;inf;0.000000;-nan||2,0;0;0.000000;0.000000;inf;0.000000;-nan||3,0;0;0.000000;0.000000;inf;0.000000;-nan||4,0;0;0.000000;0.000000;inf;0.000000;-nan||5,0;0;0.000000;0.000000;inf;0.000000;-nan||6,0;0;0.000000;0.000000;inf;0.000000;-nan||7,0;0;0.000000;0.000000;inf;0.000000;-nan||8,0;0;0.000000;0.000000;inf;0.000000;-nan||9,0;0;0.000000;0.000000;inf;0.000000;-nan||10,0;0;0.000000;0.000000;inf;0.000000;-nan}
-0.2,13421800,1342180,10,10,360.000,9,242.115056,0,0.000009,5.449543,3.495330,1.021389,0.208994,{||0,110;2294;112.352840;240.290907;163.383675;122.405927;0.2508||1,0;0;0.000000;0.000000;-nan;0.000000;-nan||2,0;0;0.000000;0.000000;-nan;0.000000;-nan||3,0;0;0.000000;0.000000;-nan;0.000000;-nan||4,0;0;0.000000;0.000000;-nan;0.000000;-nan||5,0;0;0.000000;0.000000;-nan;0.000000;-nan||6,0;0;0.000000;0.000000;-nan;0.000000;-nan||7,0;0;0.000000;0.000000;-nan;0.000000;-nan||8,0;0;0.000000;0.000000;-nan;0.000000;-nan||9,0;0;0.000000;0.000000;-nan;0.000000;-nan||10,0;0;0.000000;0.000000;-nan;0.000000;-nan}
-0.2,13421800,1342180,10,10,360.000,9,222.146688,0,0.000009,5.543737,3.545774,1.024996,0.210401,{||0,85;2294;87.124687;235.173201;164.074356;97.319849;0.4069||1,0;0;0.000000;0.000000;-nan;0.000000;-nan||2,0;0;0.000000;0.000000;-nan;0.000000;-nan||3,0;0;0.000000;0.000000;-nan;0.000000;-nan||4,0;0;0.000000;0.000000;-nan;0.000000;-nan||5,0;0;0.000000;0.000000;-nan;0.000000;-nan||6,0;0;0.000000;0.000000;-nan;0.000000;-nan||7,0;0;0.000000;0.000000;-nan;0.000000;-nan||8,0;0;0.000000;0.000000;-nan;0.000000;-nan||9,0;0;0.000000;0.000000;-nan;0.000000;-nan||10,0;0;0.000000;0.000000;-nan;0.000000;-nan}
-0.2,13421800,1342180,10,10,360.000,9,139.169020,0,0.000002,5.452667,3.581600,1.073006,0.209264,{||0,95;2294;101.935584;332.920616;171.267459;112.089600;0.3455||1,0;0;0.000000;0.000000;inf;0.000000;-nan||2,0;0;0.000000;0.000000;inf;0.000000;-nan||3,0;0;0.000000;0.000000;inf;0.000000;-nan||4,0;0;0.000000;0.000000;inf;0.000000;-nan||5,0;0;0.000000;0.000000;inf;0.000000;-nan||6,0;0;0.000000;0.000000;inf;0.000000;-nan||7,0;0;0.000000;0.000000;inf;0.000000;-nan||8,0;0;0.000000;0.000000;inf;0.000000;-nan||9,0;0;0.000000;0.000000;inf;0.000000;-nan||10,0;0;0.000000;0.000000;inf;0.000000;-nan}
-0.2,13421800,1342180,10,10,360.000,9,124.039961,0,0.000002,5.458096,3.523593,1.034763,0.244403,{||0,85;2294;87.954874;334.040155;165.475339;98.080071;0.4073||1,0;0;0.000000;0.000000;inf;0.000000;-nan||2,0;0;0.000000;0.000000;inf;0.000000;-nan||3,0;0;0.000000;0.000000;inf;0.000000;-nan||4,0;0;0.000000;0.000000;inf;0.000000;-nan||5,0;0;0.000000;0.000000;inf;0.000000;-nan||6,0;0;0.000000;0.000000;inf;0.000000;-nan||7,0;0;0.000000;0.000000;inf;0.000000;-nan||8,0;0;0.000000;0.000000;inf;0.000000;-nan||9,0;0;0.000000;0.000000;inf;0.000000;-nan||10,0;0;0.000000;0.000000;inf;0.000000;-nan}
-0.2,13421800,1342180,10,10,360.000,9,159.689933,0,0.000005,5.701084,3.524910,1.027513,0.208547,{||0,86;2294;88.366111;299.010723;164.588992;98.700619;0.4003||1,0;0;0.000000;0.000000;-nan;0.000000;-nan||2,0;0;0.000000;0.000000;-nan;0.000000;-nan||3,0;0;0.000000;0.000000;-nan;0.000000;-nan||4,0;0;0.000000;0.000000;-nan;0.000000;-nan||5,0;0;0.000000;0.000000;-nan;0.000000;-nan||6,0;0;0.000000;0.000000;-nan;0.000000;-nan||7,0;0;0.000000;0.000000;-nan;0.000000;-nan||8,0;0;0.000000;0.000000;-nan;0.000000;-nan||9,0;0;0.000000;0.000000;-nan;0.000000;-nan||10,0;0;0.000000;0.000000;-nan;0.000000;-nan}
-0.2,13421800,1677725,10,10,360.000,7,286.253122,0,0.000009,6.825062,4.402737,1.282755,0.261715,{||0,122;2294;156.496093;242.851737;205.185498;169.104822;0.1758||1,0;0;0.000000;0.000000;-nan;0.000000;-nan||2,0;0;0.000000;0.000000;-nan;0.000000;-nan||3,0;0;0.000000;0.000000;-nan;0.000000;-nan||4,0;0;0.000000;0.000000;-nan;0.000000;-nan||5,0;0;0.000000;0.000000;-nan;0.000000;-nan||6,0;0;0.000000;0.000000;-nan;0.000000;-nan||7,0;0;0.000000;0.000000;-nan;0.000000;-nan||8,0;0;0.000000;0.000000;-nan;0.000000;-nan}
-0.2,13421800,1677725,10,10,360.000,7,290.839750,0,0.000009,6.810125,4.452057,1.315005,0.285281,{||0,121;2294;159.115583;240.954569;210.113191;171.794280;0.1824||1,0;0;0.000000;0.000000;-nan;0.000000;-nan||2,0;0;0.000000;0.000000;-nan;0.000000;-nan||3,0;0;0.000000;0.000000;-nan;0.000000;-nan||4,0;0;0.000000;0.000000;-nan;0.000000;-nan||5,0;0;0.000000;0.000000;-nan;0.000000;-nan||6,0;0;0.000000;0.000000;-nan;0.000000;-nan||7,0;0;0.000000;0.000000;-nan;0.000000;-nan||8,0;0;0.000000;0.000000;-nan;0.000000;-nan}
-0.2,13421800,1677725,10,10,360.000,7,296.670006,0,0.000009,6.885335,4.420341,1.284973,0.260834,{||0,128;2294;164.476530;240.495492;205.597416;177.165461;0.1383||1,0;0;0.000000;0.000000;-nan;0.000000;-nan||2,0;0;0.000000;0.000000;-nan;0.000000;-nan||3,0;0;0.000000;0.000000;-nan;0.000000;-nan||4,0;0;0.000000;0.000000;-nan;0.000000;-nan||5,0;0;0.000000;0.000000;-nan;0.000000;-nan||6,0;0;0.000000;0.000000;-nan;0.000000;-nan||7,0;0;0.000000;0.000000;-nan;0.000000;-nan||8,0;0;0.000000;0.000000;-nan;0.000000;-nan}
-0.2,13421800,1677725,10,10,360.000,7,195.961538,0,0.000002,7.283394,4.394275,1.303470,0.262577,{||0,121;2294;157.719819;334.810596;208.764152;170.772098;0.1820||1,0;0;0.000000;0.000000;inf;0.000000;-nan||2,0;0;0.000000;0.000000;inf;0.000000;-nan||3,0;0;0.000000;0.000000;inf;0.000000;-nan||4,0;0;0.000000;0.000000;inf;0.000000;-nan||5,0;0;0.000000;0.000000;inf;0.000000;-nan||6,0;0;0.000000;0.000000;inf;0.000000;-nan||7,0;0;0.000000;0.000000;inf;0.000000;-nan||8,0;0;0.000000;0.000000;inf;0.000000;-nan}
-0.2,13421800,1677725,10,10,360.000,7,299.292886,0,0.000009,9.365597,4.375326,1.278278,0.261685,{||0,124;2294;158.506530;234.329448;207.022657;173.622296;0.1613||1,0;0;0.000000;0.000000;-nan;0.000000;-nan||2,0;0;0.000000;0.000000;-nan;0.000000;-nan||3,0;0;0.000000;0.000000;-nan;0.000000;-nan||4,0;0;0.000000;0.000000;-nan;0.000000;-nan||5,0;0;0.000000;0.000000;-nan;0.000000;-nan||6,0;0;0.000000;0.000000;-nan;0.000000;-nan||7,0;0;0.000000;0.000000;-nan;0.000000;-nan||8,0;0;0.000000;0.000000;-nan;0.000000;-nan}
-0.2,13421800,1677725,10,10,360.000,7,235.549747,0,0.000007,23.262389,4.428552,1.284559,0.260880,{||0,88;2294;113.041211;266.559094;221.920263;142.108805;0.3596||1,0;0;0.000000;0.000000;inf;0.000000;-nan||2,0;0;0.000000;0.000000;inf;0.000000;-nan||3,0;0;0.000000;0.000000;inf;0.000000;-nan||4,0;0;0.000000;0.000000;inf;0.000000;-nan||5,0;0;0.000000;0.000000;inf;0.000000;-nan||6,0;0;0.000000;0.000000;inf;0.000000;-nan||7,0;0;0.000000;0.000000;inf;0.000000;-nan||8,0;0;0.000000;0.000000;inf;0.000000;-nan}
-0.2,13421800,1677725,10,10,360.000,7,202.551712,0,0.000002,6.788801,4.424289,1.302463,0.263687,{||0,123;2294;160.202974;330.246206;208.148721;172.797882;0.1698||1,0;0;0.000000;0.000000;inf;0.000000;-nan||2,0;0;0.000000;0.000000;inf;0.000000;-nan||3,0;0;0.000000;0.000000;inf;0.000000;-nan||4,0;0;0.000000;0.000000;inf;0.000000;-nan||5,0;0;0.000000;0.000000;inf;0.000000;-nan||6,0;0;0.000000;0.000000;inf;0.000000;-nan||7,0;0;0.000000;0.000000;inf;0.000000;-nan||8,0;0;0.000000;0.000000;inf;0.000000;-nan}
-0.2,13421800,1677725,10,10,360.000,7,235.512021,0,0.000004,32.664078,4.554735,1.281728,0.261406,{||0,115;2294;147.398746;310.501728;231.021181;186.013713;0.1948||1,0;0;0.000000;0.000000;inf;0.000000;-nan||2,0;0;0.000000;0.000000;inf;0.000000;-nan||3,0;0;0.000000;0.000000;inf;0.000000;-nan||4,0;0;0.000000;0.000000;inf;0.000000;-nan||5,0;0;0.000000;0.000000;inf;0.000000;-nan||6,0;0;0.000000;0.000000;inf;0.000000;-nan||7,0;0;0.000000;0.000000;inf;0.000000;-nan||8,0;0;0.000000;0.000000;inf;0.000000;-nan}
-0.2,13421800,1677725,10,10,360.000,7,282.461392,0,0.000006,25.097936,4.462381,1.296813,0.262322,{||0,129;2294;167.288827;275.766355;225.641343;198.227706;0.1215||1,0;0;0.000000;0.000000;inf;0.000000;-nan||2,0;0;0.000000;0.000000;inf;0.000000;-nan||3,0;0;0.000000;0.000000;inf;0.000000;-nan||4,0;0;0.000000;0.000000;inf;0.000000;-nan||5,0;0;0.000000;0.000000;inf;0.000000;-nan||6,0;0;0.000000;0.000000;inf;0.000000;-nan||7,0;0;0.000000;0.000000;inf;0.000000;-nan||8,0;0;0.000000;0.000000;inf;0.000000;-nan}
-0.2,13421800,1677725,10,10,360.000,7,272.602064,0,0.000009,6.776288,4.383186,1.310987,0.261859,{||0,109;2294;142.897551;242.828248;209.380326;155.430273;0.2577||1,0;0;0.000000;0.000000;-nan;0.000000;-nan||2,0;0;0.000000;0.000000;-nan;0.000000;-nan||3,0;0;0.000000;0.000000;-nan;0.000000;-nan||4,0;0;0.000000;0.000000;-nan;0.000000;-nan||5,0;0;0.000000;0.000000;-nan;0.000000;-nan||6,0;0;0.000000;0.000000;-nan;0.000000;-nan||7,0;0;0.000000;0.000000;-nan;0.000000;-nan||8,0;0;0.000000;0.000000;-nan;0.000000;-nan}
-0.2,13421800,2684360,10,10,360.000,4,371.547350,0,0.000010,11.242730,7.068745,2.056020,0.418787,{||0,108;2294;222.050146;231.023533;329.189262;242.570844;0.2631||1,0;0;0.000000;0.000000;-nan;0.000000;-nan||2,0;0;0.000000;0.000000;-nan;0.000000;-nan||3,0;0;0.000000;0.000000;-nan;0.000000;-nan||4,0;0;0.000000;0.000000;-nan;0.000000;-nan||5,0;0;0.000000;0.000000;-nan;0.000000;-nan}
-0.2,13421800,2684360,10,10,360.000,4,311.411955,0,0.000002,11.047344,7.032339,2.092798,0.417818,{||0,124;2294;259.507013;328.376966;334.510073;279.788882;0.1636||1,0;0;0.000000;0.000000;inf;0.000000;-nan||2,0;0;0.000000;0.000000;inf;0.000000;-nan||3,0;0;0.000000;0.000000;inf;0.000000;-nan||4,0;0;0.000000;0.000000;inf;0.000000;-nan||5,0;0;0.000000;0.000000;inf;0.000000;-nan}
-0.2,13421800,2684360,10,10,360.000,4,411.707522,0,0.000009,11.159394,7.131423,2.044181,0.418508,{||0,130;2294;265.743539;234.546352;327.380666;286.253838;0.1256||1,0;0;0.000000;0.000000;-nan;0.000000;-nan||2,0;0;0.000000;0.000000;-nan;0.000000;-nan||3,0;0;0.000000;0.000000;-nan;0.000000;-nan||4,0;0;0.000000;0.000000;-nan;0.000000;-nan||5,0;0;0.000000;0.000000;-nan;0.000000;-nan}
-0.2,13421800,2684360,10,10,360.000,4,301.205531,0,0.000002,11.022284,7.019645,2.071125,0.421262,{||0,123;2294;254.748399;333.787041;331.203095;274.992532;0.1697||1,0;0;0.000000;0.000000;inf;0.000000;-nan||2,0;0;0.000000;0.000000;inf;0.000000;-nan||3,0;0;0.000000;0.000000;inf;0.000000;-nan||4,0;0;0.000000;0.000000;inf;0.000000;-nan||5,0;0;0.000000;0.000000;inf;0.000000;-nan}
-0.2,13421800,2684360,10,10,360.000,4,313.757692,0,0.000002,11.770469,7.045481,2.095601,0.419664,{||0,127;2294;266.141388;333.398639;335.671438;287.156291;0.1445||1,0;0;0.000000;0.000000;inf;0.000000;-nan||2,0;0;0.000000;0.000000;inf;0.000000;-nan||3,0;0;0.000000;0.000000;inf;0.000000;-nan||4,0;0;0.000000;0.000000;inf;0.000000;-nan||5,0;0;0.000000;0.000000;inf;0.000000;-nan}
-0.2,13421800,2684360,10,10,360.000,4,362.074525,0,0.000003,56.006859,7.012954,2.071893,0.417871,{||0,121;2294;250.699044;313.841242;376.293516;315.915728;0.1605||1,0;0;0.000000;0.000000;inf;0.000000;-nan||2,0;0;0.000000;0.000000;inf;0.000000;-nan||3,0;0;0.000000;0.000000;inf;0.000000;-nan||4,0;0;0.000000;0.000000;inf;0.000000;-nan||5,0;0;0.000000;0.000000;inf;0.000000;-nan}
-0.2,13421800,2684360,10,10,360.000,4,321.194826,0,0.000002,11.176693,7.045927,2.074701,0.418499,{||0,131;2294;271.785871;331.021701;331.921016;292.216493;0.1196||1,0;0;0.000000;0.000000;inf;0.000000;-nan||2,0;0;0.000000;0.000000;inf;0.000000;-nan||3,0;0;0.000000;0.000000;inf;0.000000;-nan||4,0;0;0.000000;0.000000;inf;0.000000;-nan||5,0;0;0.000000;0.000000;inf;0.000000;-nan}
-0.2,13421800,2684360,10,10,360.000,4,385.723783,0,0.000009,11.513529,7.112671,2.049584,0.418864,{||0,119;2294;243.900480;239.035758;328.532228;264.759501;0.1941||1,0;0;0.000000;0.000000;-nan;0.000000;-nan||2,0;0;0.000000;0.000000;-nan;0.000000;-nan||3,0;0;0.000000;0.000000;-nan;0.000000;-nan||4,0;0;0.000000;0.000000;-nan;0.000000;-nan||5,0;0;0.000000;0.000000;-nan;0.000000;-nan}
-0.2,13421800,2684360,10,10,360.000,4,376.776154,0,0.000009,14.345155,8.406862,2.044985,0.417353,{||0,113;2294;231.083251;239.252166;331.962033;256.028279;0.2287||1,0;0;0.000000;0.000000;-nan;0.000000;-nan||2,0;0;0.000000;0.000000;-nan;0.000000;-nan||3,0;0;0.000000;0.000000;-nan;0.000000;-nan||4,0;0;0.000000;0.000000;-nan;0.000000;-nan||5,0;0;0.000000;0.000000;-nan;0.000000;-nan}
-0.2,13421800,2684360,10,10,360.000,4,304.278215,0,0.000002,11.387961,7.003496,2.073758,0.417086,{||0,124;2294;257.145959;333.451831;331.945961;277.730009;0.1633||1,0;0;0.000000;0.000000;inf;0.000000;-nan||2,0;0;0.000000;0.000000;inf;0.000000;-nan||3,0;0;0.000000;0.000000;inf;0.000000;-nan||4,0;0;0.000000;0.000000;inf;0.000000;-nan||5,0;0;0.000000;0.000000;inf;0.000000;-nan}
-0.2,13421800,3355450,10,10,360.000,3,483.630162,0,0.000010,14.203601,8.762166,2.558150,0.522075,{||0,129;2294;330.001375;232.091079;409.768521;355.721203;0.1319||1,0;0;0.000000;0.000000;-nan;0.000000;-nan||2,0;0;0.000000;0.000000;-nan;0.000000;-nan||3,0;0;0.000000;0.000000;-nan;0.000000;-nan||4,0;0;0.000000;0.000000;-nan;0.000000;-nan}
-0.2,13421800,3355450,10,10,360.000,3,534.559568,0,0.000009,13.981468,8.794334,2.564863,0.523984,{||0,150;2294;384.729424;235.708494;410.594073;410.268025;0.0008||1,0;0;0.000000;0.000000;-nan;0.000000;-nan||2,0;0;0.000000;0.000000;-nan;0.000000;-nan||3,0;0;0.000000;0.000000;-nan;0.000000;-nan||4,0;0;0.000000;0.000000;-nan;0.000000;-nan}
-0.2,13421800,3355450,10,10,360.000,3,445.187778,0,0.000002,14.564950,8.821201,2.580551,0.521837,{||0,150;2294;387.082615;328.034287;413.571154;413.222027;0.0008||1,0;0;0.000000;0.000000;inf;0.000000;-nan||2,0;0;0.000000;0.000000;inf;0.000000;-nan||3,0;0;0.000000;0.000000;inf;0.000000;-nan||4,0;0;0.000000;0.000000;inf;0.000000;-nan}
-0.2,13421800,3355450,10,10,360.000,3,386.115916,0,0.000002,13.977016,8.773101,2.593433,0.522475,{||0,128;2294;331.959465;331.345331;414.881023;357.461209;0.1384||1,0;0;0.000000;0.000000;inf;0.000000;-nan||2,0;0;0.000000;0.000000;inf;0.000000;-nan||3,0;0;0.000000;0.000000;inf;0.000000;-nan||4,0;0;0.000000;0.000000;inf;0.000000;-nan}
-0.2,13421800,3355450,10,10,360.000,3,423.375855,0,0.000002,13.998135,9.851655,2.565839,0.524179,{||0,144;2294;369.480885;332.811837;411.815730;396.187654;0.0379||1,0;0;0.000000;0.000000;inf;0.000000;-nan||2,0;0;0.000000;0.000000;inf;0.000000;-nan||3,0;0;0.000000;0.000000;inf;0.000000;-nan||4,0;0;0.000000;0.000000;inf;0.000000;-nan}
-0.2,13421800,3355450,10,10,360.000,3,442.142260,0,0.000009,13.871104,8.754633,2.556917,0.521244,{||0,115;2294;294.045452;237.288940;409.241444;319.431161;0.2195||1,0;0;0.000000;0.000000;-nan;0.000000;-nan||2,0;0;0.000000;0.000000;-nan;0.000000;-nan||3,0;0;0.000000;0.000000;-nan;0.000000;-nan||4,0;0;0.000000;0.000000;-nan;0.000000;-nan}
-0.2,13421800,3355450,10,10,360.000,3,455.881561,0,0.000009,16.214231,8.852048,2.592040,0.520429,{||0,116;2294;300.676666;232.609468;416.984782;328.490990;0.2122||1,0;0;0.000000;0.000000;-nan;0.000000;-nan||2,0;0;0.000000;0.000000;-nan;0.000000;-nan||3,0;0;0.000000;0.000000;-nan;0.000000;-nan||4,0;0;0.000000;0.000000;-nan;0.000000;-nan}
-0.2,13421800,3355450,10,10,360.000,3,465.791211,0,0.000002,44.141780,9.143952,2.549754,0.522095,{||0,150;2294;382.463046;332.717118;438.820627;438.508293;0.0007||1,0;0;0.000000;0.000000;inf;0.000000;-nan||2,0;0;0.000000;0.000000;inf;0.000000;-nan||3,0;0;0.000000;0.000000;inf;0.000000;-nan||4,0;0;0.000000;0.000000;inf;0.000000;-nan}
-0.2,13421800,3355450,10,10,360.000,3,489.275498,0,0.000009,14.231458,8.782693,2.553202,0.521537,{||0,134;2294;342.129034;238.623512;409.069152;367.898972;0.1006||1,0;0;0.000000;0.000000;-nan;0.000000;-nan||2,0;0;0.000000;0.000000;-nan;0.000000;-nan||3,0;0;0.000000;0.000000;-nan;0.000000;-nan||4,0;0;0.000000;0.000000;-nan;0.000000;-nan}
-0.2,13421800,3355450,10,10,360.000,3,412.193960,0,0.000002,14.145121,10.973857,2.570434,0.522118,{||0,138;2294;354.719898;330.842446;413.776637;383.036367;0.0743||1,0;0;0.000000;0.000000;inf;0.000000;-nan||2,0;0;0.000000;0.000000;inf;0.000000;-nan||3,0;0;0.000000;0.000000;inf;0.000000;-nan||4,0;0;0.000000;0.000000;inf;0.000000;-nan}
-0.2,13421800,6710900,10,10,360.000,1,947.888963,0,0.000010,28.119887,17.834727,5.112871,1.046994,{||0,150;2294;766.930643;230.504591;819.045122;818.393517;0.0008||1,0;0;0.000000;0.000000;-nan;0.000000;-nan||2,0;0;0.000000;0.000000;-nan;0.000000;-nan}
-0.2,13421800,6710900,10,10,360.000,1,851.883366,0,0.000002,27.902654,17.565619,5.161438,1.044836,{||0,150;2294;774.215708;333.298819;825.890255;825.182149;0.0009||1,0;0;0.000000;0.000000;inf;0.000000;-nan||2,0;0;0.000000;0.000000;inf;0.000000;-nan}
-0.2,13421800,6710900,10,10,360.000,1,935.401236,0,0.000009,27.842549,17.708153,5.068406,1.045240,{||0,150;2294;760.260956;235.898799;811.925304;811.300000;0.0008||1,0;0;0.000000;0.000000;-nan;0.000000;-nan||2,0;0;0.000000;0.000000;-nan;0.000000;-nan}
-0.2,13421800,6710900,10,10,360.000,1,551.560106,0,0.000002,27.999137,17.687763,5.146896,1.049610,{||0,92;2294;473.514445;333.158562;823.917827;524.718630;0.3631||1,0;0;0.000000;0.000000;inf;0.000000;-nan||2,0;0;0.000000;0.000000;inf;0.000000;-nan}
-0.2,13421800,6710900,10,10,360.000,1,796.038301,0,0.000002,28.541960,17.902972,5.159278,1.046206,{||0,139;2294;717.139595;333.120636;826.542065;769.158901;0.0694||1,0;0;0.000000;0.000000;inf;0.000000;-nan||2,0;0;0.000000;0.000000;inf;0.000000;-nan}
-0.2,13421800,6710900,10,10,360.000,1,747.988530,0,0.000002,27.938484,17.710805,5.153113,1.046839,{||0,130;2294;669.904710;333.080861;824.816214;721.069354;0.1258||1,0;0;0.000000;0.000000;inf;0.000000;-nan||2,0;0;0.000000;0.000000;inf;0.000000;-nan}
-0.2,13421800,6710900,10,10,360.000,1,901.219821,0,0.000010,27.982491,17.651201,5.110121,1.045661,{||0,141;2294;720.527028;230.457108;818.307589;771.676892;0.0570||1,0;0;0.000000;0.000000;-nan;0.000000;-nan||2,0;0;0.000000;0.000000;-nan;0.000000;-nan}
-0.2,13421800,6710900,10,10,360.000,1,806.092653,0,0.000002,28.155473,17.535709,5.132347,1.062901,{||0,142;2294;728.793248;333.906272;821.738452;779.998891;0.0508||1,0;0;0.000000;0.000000;inf;0.000000;-nan||2,0;0;0.000000;0.000000;inf;0.000000;-nan}
-0.2,13421800,6710900,10,10,360.000,1,853.335042,0,0.000003,28.305978,17.542419,5.096510,1.047337,{||0,150;2294;764.476572;322.502925;816.468816;815.837929;0.0008||1,0;0;0.000000;0.000000;inf;0.000000;-nan||2,0;0;0.000000;0.000000;inf;0.000000;-nan}
-0.2,13421800,6710900,10,10,360.000,1,845.157332,0,0.000009,27.859505,17.569047,5.135382,1.046259,{||0,131;2294;672.735092;238.529118;821.917551;723.686413;0.1195||1,0;0;0.000000;0.000000;-nan;0.000000;-nan||2,0;0;0.000000;0.000000;-nan;0.000000;-nan}
0.0,13421800,1342180,10,10,360.000,9,178.974302,0,0.000010,5.727030,3.542701,1.043040,0.210104,{||0,35;2294;36.506412;227.919677;166.978927;46.893944;0.7192||1,0;0;0.000000;0.000000;-nan;0.000000;-nan||2,0;0;0.000000;0.000000;-nan;0.000000;-nan||3,0;0;0.000000;0.000000;-nan;0.000000;-nan||4,0;0;0.000000;0.000000;-nan;0.000000;-nan||5,0;0;0.000000;0.000000;-nan;0.000000;-nan||6,0;0;0.000000;0.000000;-nan;0.000000;-nan||7,0;0;0.000000;0.000000;-nan;0.000000;-nan||8,0;0;0.000000;0.000000;-nan;0.000000;-nan||9,0;0;0.000000;0.000000;-nan;0.000000;-nan||10,0;0;0.000000;0.000000;-nan;0.000000;-nan}
0.0,13421800,1342180,10,10,360.000,9,174.305685,0,0.000010,5.844031,3.525432,1.047222,0.210372,{||0,30;2294;31.416648;227.584778;167.710297;41.890428;0.7502||1,0;0;0.000000;0.000000;-nan;0.000000;-nan||2,0;0;0.000000;0.000000;-nan;0.000000;-nan||3,0;0;0.000000;0.000000;-nan;0.000000;-nan||4,0;0;0.000000;0.000000;-nan;0.000000;-nan||5,0;0;0.000000;0.000000;-nan;0.000000;-nan||6,0;0;0.000000;0.000000;-nan;0.000000;-nan||7,0;0;0.000000;0.000000;-nan;0.000000;-nan||8,0;0;0.000000;0.000000;-nan;0.000000;-nan||9,0;0;0.000000;0.000000;-nan;0.000000;-nan||10,0;0;0.000000;0.000000;-nan;0.000000;-nan}
0.0,13421800,1342180,10,10,360.000,9,206.751306,0,0.000009,9.328271,3.656823,1.017591,0.206446,{||0,65;2294;66.143414;233.481538;166.847779;80.232804;0.5191||1,0;0;0.000000;0.000000;-nan;0.000000;-nan||2,0;0;0.000000;0.000000;-nan;0.000000;-nan||3,0;0;0.000000;0.000000;-nan;0.000000;-nan||4,0;0;0.000000;0.000000;-nan;0.000000;-nan||5,0;0;0.000000;0.000000;-nan;0.000000;-nan||6,0;0;0.000000;0.000000;-nan;0.000000;-nan||7,0;0;0.000000;0.000000;-nan;0.000000;-nan||8,0;0;0.000000;0.000000;-nan;0.000000;-nan||9,0;0;0.000000;0.000000;-nan;0.000000;-nan||10,0;0;0.000000;0.000000;-nan;0.000000;-nan}
0.0,13421800,1342180,10,10,360.000,9,82.249029,0,0.000002,5.722389,3.569492,1.023729,0.208561,{||0,43;2294;44.020342;332.168830;164.083503;54.417821;0.6684||1,0;0;0.000000;0.000000;inf;0.000000;-nan||2,0;0;0.000000;0.000000;inf;0.000000;-nan||3,0;0;0.000000;0.000000;inf;0.000000;-nan||4,0;0;0.000000;0.000000;inf;0.000000;-nan||5,0;0;0.000000;0.000000;inf;0.000000;-nan||6,0;0;0.000000;0.000000;inf;0.000000;-nan||7,0;0;0.000000;0.000000;inf;0.000000;-nan||8,0;0;0.000000;0.000000;inf;0.000000;-nan||9,0;0;0.000000;0.000000;inf;0.000000;-nan||10,0;0;0.000000;0.000000;inf;0.000000;-nan}
0.0,13421800,1342180,10,10,360.000,9,157.429669,0,0.000009,6.214585,3.508556,1.055915,0.212104,{||0,22;2294;23.230140;236.629690;169.378479;34.059323;0.7989||1,0;0;0.000000;0.000000;-nan;0.000000;-nan||2,0;0;0.000000;0.000000;-nan;0.000000;-nan||3,0;0;0.000000;0.000000;-nan;0.000000;-nan||4,0;0;0.000000;0.000000;-nan;0.000000;-nan||5,0;0;0.000000;0.000000;-nan;0.000000;-nan||6,0;0;0.000000;0.000000;-nan;0.000000;-nan||7,0;0;0.000000;0.000000;-nan;0.000000;-nan||8,0;0;0.000000;0.000000;-nan;0.000000;-nan||9,0;0;0.000000;0.000000;-nan;0.000000;-nan||10,0;0;0.000000;0.000000;-nan;0.000000;-nan}
0.0,13421800,1342180,10,10,360.000,9,161.011355,0,0.000009,6.037403,3.543061,1.054941,0.212070,{||0,26;2294;27.428471;237.120713;169.088654;38.132031;0.7745||1,0;0;0.000000;0.000000;-nan;0.000000;-nan||2,0;0;0.000000;0.000000;-nan;0.000000;-nan||3,0;0;0.000000;0.000000;-nan;0.000000;-nan||4,0;0;0.000000;0.000000;-nan;0.000000;-nan||5,0;0;0.000000;0.000000;-nan;0.000000;-nan||6,0;0;0.000000;0.000000;-nan;0.000000;-nan||7,0;0;0.000000;0.000000;-nan;0.000000;-nan||8,0;0;0.000000;0.000000;-nan;0.000000;-nan||9,0;0;0.000000;0.000000;-nan;0.000000;-nan||10,0;0;0.000000;0.000000;-nan;0.000000;-nan}
0.0,13421800,1342180,10,10,360.000,9,58.093461,0,0.000002,5.749960,3.528190,1.061518,0.210919,{||0,19;2294;20.168836;332.464760;169.778239;30.558184;0.8200||1,0;0;0.000000;0.000000;inf;0.000000;-nan||2,0;0;0.000000;0.000000;inf;0.000000;-nan||3,0;0;0.000000;0.000000;inf;0.000000;-nan||4,0;0;0.000000;0.000000;inf;0.000000;-nan||5,0;0;0.000000;0.000000;inf;0.000000;-nan||6,0;0;0.000000;0.000000;inf;0.000000;-nan||7,0;0;0.000000;0.000000;inf;0.000000;-nan||8,0;0;0.000000;0.000000;inf;0.000000;-nan||9,0;0;0.000000;0.000000;inf;0.000000;-nan||10,0;0;0.000000;0.000000;inf;0.000000;-nan}
0.0,13421800,1342180,10,10,360.000,9,226.054309,0,0.000009,5.801675,3.522759,1.007034,0.205823,{||0,91;2294;91.640066;236.008113;161.592345;102.062383;0.3684||1,0;0;0.000000;0.000000;-nan;0.000000;-nan||2,0;0;0.000000;0.000000;-nan;0.000000;-nan||3,0;0;0.000000;0.000000;-nan;0.000000;-nan||4,0;0;0.000000;0.000000;-nan;0.000000;-nan||5,0;0;0.000000;0.000000;-nan;0.000000;-nan||6,0;0;0.000000;0.000000;-nan;0.000000;-nan||7,0;0;0.000000;0.000000;-nan;0.000000;-nan||8,0;0;0.000000;0.000000;-nan;0.000000;-nan||9,0;0;0.000000;0.000000;-nan;0.000000;-nan||10,0;0;0.000000;0.000000;-nan;0.000000;-nan}
0.0,13421800,1342180,10,10,360.000,9,161.545736,0,0.000010,6.241131,3.570796,1.054161,0.209563,{||0,21;2294;22.137380;231.516362;169.199794;33.062062;0.8046||1,0;0;0.000000;0.000000;-nan;0.000000;-nan||2,0;0;0.000000;0.000000;-nan;0.000000;-nan||3,0;0;0.000000;0.000000;-nan;0.000000;-nan||4,0;0;0.000000;0.000000;-nan;0.000000;-nan||5,0;0;0.000000;0.000000;-nan;0.000000;-nan||6,0;0;0.000000;0.000000;-nan;0.000000;-nan||7,0;0;0.000000;0.000000;-nan;0.000000;-nan||8,0;0;0.000000;0.000000;-nan;0.000000;-nan||9,0;0;0.000000;0.000000;-nan;0.000000;-nan||10,0;0;0.000000;0.000000;-nan;0.000000;-nan}
0.0,13421800,1342180,10,10,360.000,9,196.451156,0,0.000002,5.802151,3.513095,1.038594,0.209917,{||0,150;2294;155.789142;329.760756;166.352899;166.211876;0.0008||1,0;0;0.000000;0.000000;inf;0.000000;-nan||2,0;0;0.000000;0.000000;inf;0.000000;-nan||3,0;0;0.000000;0.000000;inf;0.000000;-nan||4,0;0;0.000000;0.000000;inf;0.000000;-nan||5,0;0;0.000000;0.000000;inf;0.000000;-nan||6,0;0;0.000000;0.000000;inf;0.000000;-nan||7,0;0;0.000000;0.000000;inf;0.000000;-nan||8,0;0;0.000000;0.000000;inf;0.000000;-nan||9,0;0;0.000000;0.000000;inf;0.000000;-nan||10,0;0;0.000000;0.000000;inf;0.000000;-nan}
0.0,13421800,1677725,10,10,360.000,7,339.446183,0,0.000010,7.894937,4.412486,1.263114,0.263014,{||0,150;2294;189.467065;223.705141;203.300616;203.151286;0.0007||1,0;0;0.000000;0.000000;-nan;0.000000;-nan||2,0;0;0.000000;0.000000;-nan;0.000000;-nan||3,0;0;0.000000;0.000000;-nan;0.000000;-nan||4,0;0;0.000000;0.000000;-nan;0.000000;-nan||5,0;0;0.000000;0.000000;-nan;0.000000;-nan||6,0;0;0.000000;0.000000;-nan;0.000000;-nan||7,0;0;0.000000;0.000000;-nan;0.000000;-nan||8,0;0;0.000000;0.000000;-nan;0.000000;-nan}
0.0,13421800,1677725,10,10,360.000,7,256.208867,0,0.000009,7.151363,4.428937,1.263575,0.263765,{||0,93;2294;117.512432;234.269095;202.643820;130.477923;0.3561||1,0;0;0.000000;0.000000;-nan;0.000000;-nan||2,0;0;0.000000;0.000000;-nan;0.000000;-nan||3,0;0;0.000000;0.000000;-nan;0.000000;-nan||4,0;0;0.000000;0.000000;-nan;0.000000;-nan||5,0;0;0.000000;0.000000;-nan;0.000000;-nan||6,0;0;0.000000;0.000000;-nan;0.000000;-nan||7,0;0;0.000000;0.000000;-nan;0.000000;-nan||8,0;0;0.000000;0.000000;-nan;0.000000;-nan}
0.0,13421800,1677725,10,10,360.000,7,175.496118,0,0.000009,8.789186,4.381745,1.308474,0.263076,{||0,29;2294;37.945757;237.009431;211.013638;52.505513;0.7512||1,0;0;0.000000;0.000000;-nan;0.000000;-nan||2,0;0;0.000000;0.000000;-nan;0.000000;-nan||3,0;0;0.000000;0.000000;-nan;0.000000;-nan||4,0;0;0.000000;0.000000;-nan;0.000000;-nan||5,0;0;0.000000;0.000000;-nan;0.000000;-nan||6,0;0;0.000000;0.000000;-nan;0.000000;-nan||7,0;0;0.000000;0.000000;-nan;0.000000;-nan||8,0;0;0.000000;0.000000;-nan;0.000000;-nan}
0.0,13421800,1677725,10,10,360.000,7,200.866606,0,0.000010,7.490361,4.435113,1.276849,0.257890,{||0,46;2294;58.735031;231.168405;204.987488;72.034973;0.6486||1,0;0;0.000000;0.000000;-nan;0.000000;-nan||2,0;0;0.000000;0.000000;-nan;0.000000;-nan||3,0;0;0.000000;0.000000;-nan;0.000000;-nan||4,0;0;0.000000;0.000000;-nan;0.000000;-nan||5,0;0;0.000000;0.000000;-nan;0.000000;-nan||6,0;0;0.000000;0.000000;-nan;0.000000;-nan||7,0;0;0.000000;0.000000;-nan;0.000000;-nan||8,0;0;0.000000;0.000000;-nan;0.000000;-nan}
0.0,13421800,1677725,10,10,360.000,7,183.921386,0,0.000009,7.188924,4.457937,1.292540,0.263120,{||0,38;2294;49.116530;238.242583;207.083561;62.163933;0.6998||1,0;0;0.000000;0.000000;-nan;0.000000;-nan||2,0;0;0.000000;0.000000;-nan;0.000000;-nan||3,0;0;0.000000;0.000000;-nan;0.000000;-nan||4,0;0;0.000000;0.000000;-nan;0.000000;-nan||5,0;0;0.000000;0.000000;-nan;0.000000;-nan||6,0;0;0.000000;0.000000;-nan;0.000000;-nan||7,0;0;0.000000;0.000000;-nan;0.000000;-nan||8,0;0;0.000000;0.000000;-nan;0.000000;-nan}
0.0,13421800,1677725,10,10,360.000,7,66.118325,0,0.000002,7.160290,4.414209,1.324126,0.263401,{||0,19;2294;25.158389;331.997391;211.780886;38.115681;0.8200||1,0;0;0.000000;0.000000;inf;0.000000;-nan||2,0;0;0.000000;0.000000;inf;0.000000;-nan||3,0;0;0.000000;0.000000;inf;0.000000;-nan||4,0;0;0.000000;0.000000;inf;0.000000;-nan||5,0;0;0.000000;0.000000;inf;0.000000;-nan||6,0;0;0.000000;0.000000;inf;0.000000;-nan||7,0;0;0.000000;0.000000;inf;0.000000;-nan||8,0;0;0.000000;0.000000;inf;0.000000;-nan}
0.0,13421800,1677725,10,10,360.000,7,220.820457,0,0.000009,7.196063,4.404873,1.267766,0.257747,{||0,67;2294;84.940325;237.101457;203.291356;97.921877;0.5183||1,0;0;0.000000;0.000000;-nan;0.000000;-nan||2,0;0;0.000000;0.000000;-nan;0.000000;-nan||3,0;0;0.000000;0.000000;-nan;0.000000;-nan||4,0;0;0.000000;0.000000;-nan;0.000000;-nan||5,0;0;0.000000;0.000000;-nan;0.000000;-nan||6,0;0;0.000000;0.000000;-nan;0.000000;-nan||7,0;0;0.000000;0.000000;-nan;0.000000;-nan||8,0;0;0.000000;0.000000;-nan;0.000000;-nan}
0.0,13421800,1677725,10,10,360.000,7,172.937427,0,0.000010,7.187692,4.469296,1.315089,0.261502,{||0,23;2294;30.247057;230.358650;210.496995;43.296041;0.7943||1,0;0;0.000000;0.000000;-nan;0.000000;-nan||2,0;0;0.000000;0.000000;-nan;0.000000;-nan||3,0;0;0.000000;0.000000;-nan;0.000000;-nan||4,0;0;0.000000;0.000000;-nan;0.000000;-nan||5,0;0;0.000000;0.000000;-nan;0.000000;-nan||6,0;0;0.000000;0.000000;-nan;0.000000;-nan||7,0;0;0.000000;0.000000;-nan;0.000000;-nan||8,0;0;0.000000;0.000000;-nan;0.000000;-nan}
0.0,13421800,1677725,10,10,360.000,7,167.063563,0,0.000009,7.179420,4.425959,1.310061,0.262873,{||0,23;2294;30.131392;236.100689;209.687391;43.164214;0.7941||1,0;0;0.000000;0.000000;-nan;0.000000;-nan||2,0;0;0.000000;0.000000;-nan;0.000000;-nan||3,0;0;0.000000;0.000000;-nan;0.000000;-nan||4,0;0;0.000000;0.000000;-nan;0.000000;-nan||5,0;0;0.000000;0.000000;-nan;0.000000;-nan||6,0;0;0.000000;0.000000;-nan;0.000000;-nan||7,0;0;0.000000;0.000000;-nan;0.000000;-nan||8,0;0;0.000000;0.000000;-nan;0.000000;-nan}
0.0,13421800,1677725,10,10,360.000,7,161.754111,0,0.000009,7.183051,4.422319,1.338497,0.261496,{||0,20;2294;26.769938;238.000266;213.979898;39.754340;0.8142||1,0;0;0.000000;0.000000;-nan;0.000000;-nan||2,0;0;0.000000;0.000000;-nan;0.000000;-nan||3,0;0;0.000000;0.000000;-nan;0.000000;-nan||4,0;0;0.000000;0.000000;-nan;0.000000;-nan||5,0;0;0.000000;0.000000;-nan;0.000000;-nan||6,0;0;0.000000;0.000000;-nan;0.000000;-nan||7,0;0;0.000000;0.000000;-nan;0.000000;-nan||8,0;0;0.000000;0.000000;-nan;0.000000;-nan}
0.0,13421800,2684360,10,10,360.000,4,193.660587,0,0.000010,12.348669,7.075991,2.115412,0.420250,{||0,21;2294;44.423650;232.412640;339.272108;66.073187;0.8053||1,0;0;0.000000;0.000000;-nan;0.000000;-nan||2,0;0;0.000000;0.000000;-nan;0.000000;-nan||3,0;0;0.000000;0.000000;-nan;0.000000;-nan||4,0;0;0.000000;0.000000;-nan;0.000000;-nan||5,0;0;0.000000;0.000000;-nan;0.000000;-nan}
0.0,13421800,2684360,10,10,360.000,4,180.867083,0,0.000009,11.428305,7.058184,2.139989,0.419050,{||0,19;2294;40.659787;240.487231;342.043846;61.354275;0.8206||1,0;0;0.000000;0.000000;-nan;0.000000;-nan||2,0;0;0.000000;0.000000;-nan;0.000000;-nan||3,0;0;0.000000;0.000000;-nan;0.000000;-nan||4,0;0;0.000000;0.000000;-nan;0.000000;-nan||5,0;0;0.000000;0.000000;-nan;0.000000;-nan}
0.0,13421800,2684360,10,10,360.000,4,184.305222,0,0.000009,11.473508,7.106256,2.119730,0.420492,{||0,21;2294;44.514338;241.059380;339.079544;65.364562;0.8072||1,0;0;0.000000;0.000000;-nan;0.000000;-nan||2,0;0;0.000000;0.000000;-nan;0.000000;-nan||3,0;0;0.000000;0.000000;-nan;0.000000;-nan||4,0;0;0.000000;0.000000;-nan;0.000000;-nan||5,0;0;0.000000;0.000000;-nan;0.000000;-nan}
0.0,13421800,2684360,10,10,360.000,4,315.792711,0,0.000009,14.839354,7.168921,2.055458,0.419716,{||0,81;2294;166.492129;234.923927;332.802207;190.716600;0.4269||1,0;0;0.000000;0.000000;-nan;0.000000;-nan||2,0;0;0.000000;0.000000;-nan;0.000000;-nan||3,0;0;0.000000;0.000000;-nan;0.000000;-nan||4,0;0;0.000000;0.000000;-nan;0.000000;-nan||5,0;0;0.000000;0.000000;-nan;0.000000;-nan}
0.0,13421800,2684360,10,10,360.000,4,440.774016,0,0.000009,11.797791,7.089021,2.041004,0.418111,{||0,144;2294;293.904516;234.221444;327.496464;314.995422;0.0382||1,0;0;0.000000;0.000000;-nan;0.000000;-nan||2,0;0;0.000000;0.000000;-nan;0.000000;-nan||3,0;0;0.000000;0.000000;-nan;0.000000;-nan||4,0;0;0.000000;0.000000;-nan;0.000000;-nan||5,0;0;0.000000;0.000000;-nan;0.000000;-nan}
0.0,13421800,2684360,10,10,360.000,4,203.677312,0,0.000010,11.563654,7.217015,2.099611,0.420451,{||0,26;2294;54.589894;231.938768;336.242427;75.616041;0.7751||1,0;0;0.000000;0.000000;-nan;0.000000;-nan||2,0;0;0.000000;0.000000;-nan;0.000000;-nan||3,0;0;0.000000;0.000000;-nan;0.000000;-nan||4,0;0;0.000000;0.000000;-nan;0.000000;-nan||5,0;0;0.000000;0.000000;-nan;0.000000;-nan}
0.0,13421800,2684360,10,10,360.000,4,193.209513,0,0.000010,11.422235,7.054686,2.116952,0.418863,{||0,20;2294;42.339035;229.823475;338.555498;63.032949;0.8138||1,0;0;0.000000;0.000000;-nan;0.000000;-nan||2,0;0;0.000000;0.000000;-nan;0.000000;-nan||3,0;0;0.000000;0.000000;-nan;0.000000;-nan||4,0;0;0.000000;0.000000;-nan;0.000000;-nan||5,0;0;0.000000;0.000000;-nan;0.000000;-nan}
0.0,13421800,2684360,10,10,360.000,4,186.658339,0,0.000010,11.776695,7.178167,2.140488,0.420399,{||0,17;2294;36.388299;230.923352;342.588976;57.581652;0.8319||1,0;0;0.000000;0.000000;-nan;0.000000;-nan||2,0;0;0.000000;0.000000;-nan;0.000000;-nan||3,0;0;0.000000;0.000000;-nan;0.000000;-nan||4,0;0;0.000000;0.000000;-nan;0.000000;-nan||5,0;0;0.000000;0.000000;-nan;0.000000;-nan}
0.0,13421800,2684360,10,10,360.000,4,129.970674,0,0.000002,11.568533,7.046334,2.079393,0.491523,{||0,39;2294;81.096327;332.037814;333.094733;102.008443;0.6938||1,0;0;0.000000;0.000000;inf;0.000000;-nan||2,0;0;0.000000;0.000000;inf;0.000000;-nan||3,0;0;0.000000;0.000000;inf;0.000000;-nan||4,0;0;0.000000;0.000000;inf;0.000000;-nan||5,0;0;0.000000;0.000000;inf;0.000000;-nan}
0.0,13421800,2684360,10,10,360.000,4,266.301229,0,0.000003,11.844109,7.030640,2.057444,0.411302,{||0,99;2294;203.686982;318.454005;329.960135;224.755196;0.3188||1,0;0;0.000000;0.000000;inf;0.000000;-nan||2,0;0;0.000000;0.000000;inf;0.000000;-nan||3,0;0;0.000000;0.000000;inf;0.000000;-nan||4,0;0;0.000000;0.000000;inf;0.000000;-nan||5,0;0;0.000000;0.000000;inf;0.000000;-nan}
0.0,13421800,3355450,10,10,360.000,3,218.126288,0,0.000010,14.515170,8.846478,2.635660,0.522148,{||0,22;2294;57.984528;225.977604;421.868511;84.103851;0.8006||1,0;0;0.000000;0.000000;-nan;0.000000;-nan||2,0;0;0.000000;0.000000;-nan;0.000000;-nan||3,0;0;0.000000;0.000000;-nan;0.000000;-nan||4,0;0;0.000000;0.000000;-nan;0.000000;-nan}
0.0,13421800,3355450,10,10,360.000,3,383.653399,0,0.000010,15.935105,8.789443,2.552993,0.522595,{||0,89;2294;227.216376;231.051162;410.749084;254.704522;0.3799||1,0;0;0.000000;0.000000;-nan;0.000000;-nan||2,0;0;0.000000;0.000000;-nan;0.000000;-nan||3,0;0;0.000000;0.000000;-nan;0.000000;-nan||4,0;0;0.000000;0.000000;-nan;0.000000;-nan}
0.0,13421800,3355450,10,10,360.000,3,180.098605,0,0.000002,14.257666,8.797725,2.589043,0.515291,{||0,49;2294;126.863130;332.569048;414.516246;152.667616;0.6317||1,0;0;0.000000;0.000000;inf;0.000000;-nan||2,0;0;0.000000;0.000000;inf;0.000000;-nan||3,0;0;0.000000;0.000000;inf;0.000000;-nan||4,0;0;0.000000;0.000000;inf;0.000000;-nan}
0.0,13421800,3355450,10,10,360.000,3,538.803244,0,0.000010,17.023869,8.785176,2.532469,0.522160,{||0,150;2294;379.870281;229.624570;408.733955;408.427778;0.0007||1,0;0;0.000000;0.000000;-nan;0.000000;-nan||2,0;0;0.000000;0.000000;-nan;0.000000;-nan||3,0;0;0.000000;0.000000;-nan;0.000000;-nan||4,0;0;0.000000;0.000000;-nan;0.000000;-nan}
0.0,13421800,3355450,10,10,360.000,3,407.802513,0,0.000009,36.167425,9.002744,2.544251,0.514616,{||0,94;2294;239.159594;239.337715;429.866686;287.140190;0.3320||1,0;0;0.000000;0.000000;inf;0.000000;-nan||2,0;0;0.000000;0.000000;inf;0.000000;-nan||3,0;0;0.000000;0.000000;inf;0.000000;-nan||4,0;0;0.000000;0.000000;inf;0.000000;-nan}
0.0,13421800,3355450,10,10,360.000,3,122.178544,0,0.000003,14.275840,8.814484,2.802022,0.521712,{||0,22;2294;61.644492;325.311963;446.717413;87.490469;0.8041||1,0;0;0.000000;0.000000;inf;0.000000;-nan||2,0;0;0.000000;0.000000;inf;0.000000;-nan||3,0;0;0.000000;0.000000;inf;0.000000;-nan||4,0;0;0.000000;0.000000;inf;0.000000;-nan}
0.0,13421800,3355450,10,10,360.000,3,286.660890,0,0.000009,14.192623,8.855830,2.543612,0.513353,{||0,54;2294;137.355027;236.486089;407.647159;163.146943;0.5998||1,0;0;0.000000;0.000000;-nan;0.000000;-nan||2,0;0;0.000000;0.000000;-nan;0.000000;-nan||3,0;0;0.000000;0.000000;-nan;0.000000;-nan||4,0;0;0.000000;0.000000;-nan;0.000000;-nan}
0.0,13421800,3355450,10,10,360.000,3,216.849237,0,0.000010,17.831966,8.869456,2.663882,0.523167,{||0,19;2294;50.613749;223.236182;429.470699;80.085383;0.8135||1,0;0;0.000000;0.000000;-nan;0.000000;-nan||2,0;0;0.000000;0.000000;-nan;0.000000;-nan||3,0;0;0.000000;0.000000;-nan;0.000000;-nan||4,0;0;0.000000;0.000000;-nan;0.000000;-nan}
0.0,13421800,3355450,10,10,360.000,3,303.400350,0,0.000010,16.164417,9.086732,2.593252,0.516198,{||0,53;2294;137.442382;222.101559;417.348473;165.501868;0.6034||1,0;0;0.000000;0.000000;-nan;0.000000;-nan||2,0;0;0.000000;0.000000;-nan;0.000000;-nan||3,0;0;0.000000;0.000000;-nan;0.000000;-nan||4,0;0;0.000000;0.000000;-nan;0.000000;-nan}
0.0,13421800,3355450,10,10,360.000,3,374.795329,0,0.000009,14.479428,8.803075,2.532124,0.513393,{||0,88;2294;222.826940;234.063960;406.146668;248.859252;0.3873||1,0;0;0.000000;0.000000;-nan;0.000000;-nan||2,0;0;0.000000;0.000000;-nan;0.000000;-nan||3,0;0;0.000000;0.000000;-nan;0.000000;-nan||4,0;0;0.000000;0.000000;-nan;0.000000;-nan}
0.0,13421800,6710900,10,10,360.000,1,940.851659,0,0.000010,33.282111,17.596875,5.025275,1.029924,{||0,150;2294;753.791278;229.329952;810.725463;810.181577;0.0007||1,0;0;0.000000;0.000000;-nan;0.000000;-nan||2,0;0;0.000000;0.000000;-nan;0.000000;-nan}
0.0,13421800,6710900,10,10,360.000,1,287.978726,0,0.000009,31.924497,17.845912,5.298312,1.048046,{||0,21;2294;111.264555;238.600775;850.863589;166.579467;0.8042||1,0;0;0.000000;0.000000;-nan;0.000000;-nan||2,0;0;0.000000;0.000000;-nan;0.000000;-nan}
0.0,13421800,6710900,10,10,360.000,1,653.643269,0,0.000009,28.885277,17.605921,5.106850,1.077041,{||0,93;2294;474.937047;233.350578;818.702584;526.993806;0.3563||1,0;0;0.000000;0.000000;-nan;0.000000;-nan||2,0;0;0.000000;0.000000;-nan;0.000000;-nan}
0.0,13421800,6710900,10,10,360.000,1,325.458021,0,0.000009,28.633774,17.541491,5.223704,1.051401,{||0,28;2294;146.263725;232.503480;836.006040;197.961461;0.7632||1,0;0;0.000000;0.000000;-nan;0.000000;-nan||2,0;0;0.000000;0.000000;-nan;0.000000;-nan}
0.0,
0.0,
>>>>>>> HP_CPUFREQ




0.0,3355450,335545,10,10,360.000,9,96.141222,0,0.000003,7.295776,9.147280,2.706927,0.396233,{0,25;2000;67.673164;350.544942;425.585200;86.686050;0.7963||1,0;0;0.000000;0.000000;inf;0.000000;nan||2,0;0;0.000000;0.000000;inf;0.000000;nan||3,0;0;0.000000;0.000000;inf;0.000000;nan||4,0;0;0.000000;0.000000;inf;0.000000;nan||5,0;0;0.000000;0.000000;inf;0.000000;nan||6,0;0;0.000000;0.000000;inf;0.000000;nan||7,0;0;0.000000;0.000000;inf;0.000000;nan||8,0;0;0.000000;0.000000;inf;0.000000;nan||9,0;0;0.000000;0.000000;inf;0.000000;nan||10,0;0;0.000000;0.000000;inf;0.000000;nan}
0.0,3355450,335545,10,10,360.000,9,112.130015,0,0.000003,7.378346,9.114854,2.687397,0.396339,{0,31;2000;83.309300;350.239375;422.686452;102.369276;0.7578||1,0;0;0.000000;0.000000;inf;0.000000;nan||2,0;0;0.000000;0.000000;inf;0.000000;nan||3,0;0;0.000000;0.000000;inf;0.000000;nan||4,0;0;0.000000;0.000000;inf;0.000000;nan||5,0;0;0.000000;0.000000;inf;0.000000;nan||6,0;0;0.000000;0.000000;inf;0.000000;nan||7,0;0;0.000000;0.000000;inf;0.000000;nan||8,0;0;0.000000;0.000000;inf;0.000000;nan||9,0;0;0.000000;0.000000;inf;0.000000;nan||10,0;0;0.000000;0.000000;inf;0.000000;nan}
0.0,3355450,335545,10,10,360.000,8,97.816213,10,0.000006,3.425928,2.121246,0.575775,0.109444,{0,37;2000;21.303675;340.060038;92.598643;27.495536;0.7031||1,29;2000;16.811673;312.564432;92.598643;23.000559;0.7516||2,30;2000;17.311491;289.250094;95.915127;0.000000;1.0000||3,0;0;0.000000;0.000000;inf;0.000000;nan||4,0;0;0.000000;0.000000;inf;0.000000;nan||5,0;0;0.000000;0.000000;inf;0.000000;nan||6,0;0;0.000000;0.000000;inf;0.000000;nan||7,0;0;0.000000;0.000000;inf;0.000000;nan||8,0;0;0.000000;0.000000;inf;0.000000;nan||9,0;0;0.000000;0.000000;inf;0.000000;nan||10,0;0;0.000000;0.000000;inf;0.000000;nan}
0.0,3355450,335545,10,10,360.000,8,86.166786,10,0.000006,3.434434,2.144315,0.580558,0.109319,{0,28;2000;16.255625;340.053857;93.352331;22.481036;0.7592||1,21;2000;12.339870;317.572751;93.352331;18.563861;0.8011||2,26;2000;15.111798;298.699052;96.677446;0.000000;1.0000||3,0;0;0.000000;0.000000;inf;0.000000;nan||4,0;0;0.000000;0.000000;inf;0.000000;nan||5,0;0;0.000000;0.000000;inf;0.000000;nan||6,0;0;0.000000;0.000000;inf;0.000000;nan||7,0;0;0.000000;0.000000;inf;0.000000;nan||8,0;0;0.000000;0.000000;inf;0.000000;nan||9,0;0;0.000000;0.000000;inf;0.000000;nan||10,0;0;0.000000;0.000000;inf;0.000000;nan}
0.0,3355450,335545,10,10,360.000,8,79.062091,10,0.000006,3.424157,2.141018,0.591454,0.108714,{0,18;2000;10.646167;340.212654;94.983401;16.855683;0.8225||1,20;2000;11.918279;323.356896;94.983401;18.106540;0.8094||2,24;2000;14.303993;304.940221;98.298844;0.000000;1.0000||3,0;0;0.000000;0.000000;inf;0.000000;nan||4,0;0;0.000000;0.000000;inf;0.000000;nan||5,0;0;0.000000;0.000000;inf;0.000000;nan||6,0;0;0.000000;0.000000;inf;0.000000;nan||7,0;0;0.000000;0.000000;inf;0.000000;nan||8,0;0;0.000000;0.000000;inf;0.000000;nan||9,0;0;0.000000;0.000000;inf;0.000000;nan||10,0;0;0.000000;0.000000;inf;0.000000;nan}
0.0,3355450,335545,10,10,360.000,8,90.591730,10,0.000006,3.425695,2.167343,0.591216,0.108929,{0,26;2000;15.371615;340.052811;94.975577;21.612289;0.7724||1,22;2000;13.242365;318.440450;94.975577;19.447790;0.7952||2,33;2000;19.488441;298.680242;98.292343;0.000000;1.0000||3,0;0;0.000000;0.000000;inf;0.000000;nan||4,0;0;0.000000;0.000000;inf;0.000000;nan||5,0;0;0.000000;0.000000;inf;0.000000;nan||6,0;0;0.000000;0.000000;inf;0.000000;nan||7,0;0;0.000000;0.000000;inf;0.000000;nan||8,0;0;0.000000;0.000000;inf;0.000000;nan||9,0;0;0.000000;0.000000;inf;0.000000;nan||10,0;0;0.000000;0.000000;inf;0.000000;nan}
0.0,3355450,335545,10,10,360.000,8,93.847872,10,0.000006,3.446007,2.126270,0.602663,0.113124,{0,21;2000;12.655933;340.117031;96.687586;18.876297;0.8048||1,39;2000;23.048149;321.240666;96.687586;29.296426;0.6970||2,26;2000;15.664852;291.628989;100.020469;0.000000;1.0000||3,0;0;0.000000;0.000000;inf;0.000000;nan||4,0;0;0.000000;0.000000;inf;0.000000;nan||5,0;0;0.000000;0.000000;inf;0.000000;nan||6,0;0;0.000000;0.000000;inf;0.000000;nan||7,0;0;0.000000;0.000000;inf;0.000000;nan||8,0;0;0.000000;0.000000;inf;0.000000;nan||9,0;0;0.000000;0.000000;inf;0.000000;nan||10,0;0;0.000000;0.000000;inf;0.000000;nan}
0.0,3355450,335545,10,10,360.000,9,43.977415,0,0.000006,3.462619,2.133937,0.596448,0.109872,{0,30;2000;17.893453;340.157157;95.770141;24.134512;0.7480||1,0;0;0.000000;0.000000;inf;0.000000;nan||2,0;0;0.000000;0.000000;inf;0.000000;nan||3,0;0;0.000000;0.000000;inf;0.000000;nan||4,0;0;0.000000;0.000000;inf;0.000000;nan||5,0;0;0.000000;0.000000;inf;0.000000;nan||6,0;0;0.000000;0.000000;inf;0.000000;nan||7,0;0;0.000000;0.000000;inf;0.000000;nan||8,0;0;0.000000;0.000000;inf;0.000000;nan||9,0;0;0.000000;0.000000;inf;0.000000;nan||10,0;0;0.000000;0.000000;inf;0.000000;nan}
0.0,3355450,335545,10,10,360.000,9,39.435033,0,0.000006,3.424906,2.166469,0.603523,0.109065,{0,22;2000;13.277517;340.079946;96.832488;19.514919;0.7985||1,0;0;0.000000;0.000000;inf;0.000000;nan||2,0;0;0.000000;0.000000;inf;0.000000;nan||3,0;0;0.000000;0.000000;inf;0.000000;nan||4,0;0;0.000000;0.000000;inf;0.000000;nan||5,0;0;0.000000;0.000000;inf;0.000000;nan||6,0;0;0.000000;0.000000;inf;0.000000;nan||7,0;0;0.000000;0.000000;inf;0.000000;nan||8,0;0;0.000000;0.000000;inf;0.000000;nan||9,0;0;0.000000;0.000000;inf;0.000000;nan||10,0;0;0.000000;0.000000;inf;0.000000;nan}
0.0,3355450,335545,10,10,360.000,9,42.852648,0,0.000006,3.425452,2.136033,0.596275,0.109135,{0,28;2000;16.695707;340.048576;95.708183;22.901166;0.7607||1,0;0;0.000000;0.000000;inf;0.000000;nan||2,0;0;0.000000;0.000000;inf;0.000000;nan||3,0;0;0.000000;0.000000;inf;0.000000;nan||4,0;0;0.000000;0.000000;inf;0.000000;nan||5,0;0;0.000000;0.000000;inf;0.000000;nan||6,0;0;0.000000;0.000000;inf;0.000000;nan||7,0;0;0.000000;0.000000;inf;0.000000;nan||8,0;0;0.000000;0.000000;inf;0.000000;nan||9,0;0;0.000000;0.000000;inf;0.000000;nan||10,0;0;0.000000;0.000000;inf;0.000000;nan}
0.0,3355450,335545,10,10,360.000,9,41.719165,0,0.000006,3.421920,2.130590,0.597370,0.109040,{0,26;2000;15.531621;340.009661;95.864426;21.728768;0.7733||1,0;0;0.000000;0.000000;inf;0.000000;nan||2,0;0;0.000000;0.000000;inf;0.000000;nan||3,0;0;0.000000;0.000000;inf;0.000000;nan||4,0;0;0.000000;0.000000;inf;0.000000;nan||5,0;0;0.000000;0.000000;inf;0.000000;nan||6,0;0;0.000000;0.000000;inf;0.000000;nan||7,0;0;0.000000;0.000000;inf;0.000000;nan||8,0;0;0.000000;0.000000;inf;0.000000;nan||9,0;0;0.000000;0.000000;inf;0.000000;nan||10,0;0;0.000000;0.000000;inf;0.000000;nan}
0.0,3355450,335545,10,10,360.000,8,92.697149,10,0.000006,3.426011,2.135121,0.595017,0.110440,{0,27;2000;16.065469;339.962338;95.519195;22.272727;0.7668||1,29;2000;17.261182;317.689534;95.519195;23.498529;0.7540||2,28;2000;16.735788;293.879962;98.834766;0.000000;1.0000||3,0;0;0.000000;0.000000;inf;0.000000;nan||4,0;0;0.000000;0.000000;inf;0.000000;nan||5,0;0;0.000000;0.000000;inf;0.000000;nan||6,0;0;0.000000;0.000000;inf;0.000000;nan||7,0;0;0.000000;0.000000;inf;0.000000;nan||8,0;0;0.000000;0.000000;inf;0.000000;nan||9,0;0;0.000000;0.000000;inf;0.000000;nan||10,0;0;0.000000;0.000000;inf;0.000000;nan}

0.0,3355450,419431,10,10,360.000,7,45.439696,0,0.000006,4.522422,2.712385,0.753250,0.143043,{0,23;2000;17.324748;339.931401;121.118587;25.371035;0.7905||1,0;0;0.000000;0.000000;inf;0.000000;nan||2,0;0;0.000000;0.000000;inf;0.000000;nan||3,0;0;0.000000;0.000000;inf;0.000000;nan||4,0;0;0.000000;0.000000;inf;0.000000;nan||5,0;0;0.000000;0.000000;inf;0.000000;nan||6,0;0;0.000000;0.000000;inf;0.000000;nan||7,0;0;0.000000;0.000000;inf;0.000000;nan||8,0;0;0.000000;0.000000;inf;0.000000;nan}
0.0,3355450,419431,10,10,360.000,7,42.217979,0,0.000006,4.281602,2.665819,0.758012,0.138906,{0,19;2000;14.402236;339.938179;121.546203;22.156089;0.8177||1,0;0;0.000000;0.000000;inf;0.000000;nan||2,0;0;0.000000;0.000000;inf;0.000000;nan||3,0;0;0.000000;0.000000;inf;0.000000;nan||4,0;0;0.000000;0.000000;inf;0.000000;nan||5,0;0;0.000000;0.000000;inf;0.000000;nan||6,0;0;0.000000;0.000000;inf;0.000000;nan||7,0;0;0.000000;0.000000;inf;0.000000;nan||8,0;0;0.000000;0.000000;inf;0.000000;nan}
0.0,3355450,419431,10,10,360.000,7,45.884657,0,0.000006,4.285125,2.663686,0.749725,0.137575,{0,24;2000;17.993398;339.863172;120.294848;25.747764;0.7860||1,0;0;0.000000;0.000000;inf;0.000000;nan||2,0;0;0.000000;0.000000;inf;0.000000;nan||3,0;0;0.000000;0.000000;inf;0.000000;nan||4,0;0;0.000000;0.000000;inf;0.000000;nan||5,0;0;0.000000;0.000000;inf;0.000000;nan||6,0;0;0.000000;0.000000;inf;0.000000;nan||7,0;0;0.000000;0.000000;inf;0.000000;nan||8,0;0;0.000000;0.000000;inf;0.000000;nan}
0.0,3355450,419431,10,10,360.000,7,51.565728,0,0.000006,4.280334,2.655679,0.742470,0.142742,{0,32;2000;23.759026;339.939798;119.191659;31.505396;0.7357||1,0;0;0.000000;0.000000;inf;0.000000;nan||2,0;0;0.000000;0.000000;inf;0.000000;nan||3,0;0;0.000000;0.000000;inf;0.000000;nan||4,0;0;0.000000;0.000000;inf;0.000000;nan||5,0;0;0.000000;0.000000;inf;0.000000;nan||6,0;0;0.000000;0.000000;inf;0.000000;nan||7,0;0;0.000000;0.000000;inf;0.000000;nan||8,0;0;0.000000;0.000000;inf;0.000000;nan}
0.0,3355450,419431,10,10,360.000,7,45.141885,0,0.000006,4.301215,2.655855,0.751258,0.142927,{0,23;2000;17.278939;339.904303;120.539988;25.046117;0.7922||1,0;0;0.000000;0.000000;inf;0.000000;nan||2,0;0;0.000000;0.000000;inf;0.000000;nan||3,0;0;0.000000;0.000000;inf;0.000000;nan||4,0;0;0.000000;0.000000;inf;0.000000;nan||5,0;0;0.000000;0.000000;inf;0.000000;nan||6,0;0;0.000000;0.000000;inf;0.000000;nan||7,0;0;0.000000;0.000000;inf;0.000000;nan||8,0;0;0.000000;0.000000;inf;0.000000;nan}
0.0,3355450,419431,10,10,360.000,7,43.036337,0,0.000006,4.278383,2.694919,0.756033,0.137672,{0,20;2000;15.120658;339.866378;121.271942;22.902654;0.8111||1,0;0;0.000000;0.000000;inf;0.000000;nan||2,0;0;0.000000;0.000000;inf;0.000000;nan||3,0;0;0.000000;0.000000;inf;0.000000;nan||4,0;0;0.000000;0.000000;inf;0.000000;nan||5,0;0;0.000000;0.000000;inf;0.000000;nan||6,0;0;0.000000;0.000000;inf;0.000000;nan||7,0;0;0.000000;0.000000;inf;0.000000;nan||8,0;0;0.000000;0.000000;inf;0.000000;nan}
0.0,3355450,419431,10,10,360.000,7,42.231113,0,0.000006,4.283022,2.651720,0.755485,0.142872,{0,19;2000;14.354218;339.868665;121.155873;22.099715;0.8176||1,0;0;0.000000;0.000000;inf;0.000000;nan||2,0;0;0.000000;0.000000;inf;0.000000;nan||3,0;0;0.000000;0.000000;inf;0.000000;nan||4,0;0;0.000000;0.000000;inf;0.000000;nan||5,0;0;0.000000;0.000000;inf;0.000000;nan||6,0;0;0.000000;0.000000;inf;0.000000;nan||7,0;0;0.000000;0.000000;inf;0.000000;nan||8,0;0;0.000000;0.000000;inf;0.000000;nan}
0.0,3355450,419431,10,10,360.000,7,49.390567,0,0.000006,4.296876,2.684296,0.743614,0.142291,{0,29;2000;21.564804;339.967282;119.409167;29.357785;0.7541||1,0;0;0.000000;0.000000;inf;0.000000;nan||2,0;0;0.000000;0.000000;inf;0.000000;nan||3,0;0;0.000000;0.000000;inf;0.000000;nan||4,0;0;0.000000;0.000000;inf;0.000000;nan||5,0;0;0.000000;0.000000;inf;0.000000;nan||6,0;0;0.000000;0.000000;inf;0.000000;nan||7,0;0;0.000000;0.000000;inf;0.000000;nan||8,0;0;0.000000;0.000000;inf;0.000000;nan}
0.0,3355450,419431,10,10,360.000,7,44.394164,0,0.000006,4.280150,2.666293,0.750177,0.138465,{0,22;2000;16.503887;339.862274;120.361587;24.256376;0.7985||1,0;0;0.000000;0.000000;inf;0.000000;nan||2,0;0;0.000000;0.000000;inf;0.000000;nan||3,0;0;0.000000;0.000000;inf;0.000000;nan||4,0;0;0.000000;0.000000;inf;0.000000;nan||5,0;0;0.000000;0.000000;inf;0.000000;nan||6,0;0;0.000000;0.000000;inf;0.000000;nan||7,0;0;0.000000;0.000000;inf;0.000000;nan||8,0;0;0.000000;0.000000;inf;0.000000;nan}
0.0,3355450,419431,10,10,360.000,7,42.741818,0,0.000006,4.291688,2.683163,0.753105,0.136923,{0,20;2000;15.062109;340.099084;120.830697;22.840840;0.8110||1,0;0;0.000000;0.000000;inf;0.000000;nan||2,0;0;0.000000;0.000000;inf;0.000000;nan||3,0;0;0.000000;0.000000;inf;0.000000;nan||4,0;0;0.000000;0.000000;inf;0.000000;nan||5,0;0;0.000000;0.000000;inf;0.000000;nan||6,0;0;0.000000;0.000000;inf;0.000000;nan||7,0;0;0.000000;0.000000;inf;0.000000;nan||8,0;0;0.000000;0.000000;inf;0.000000;nan}
0.0,3355450,671090,10,10,360.000,4,59.387839,0,0.000006,6.839087,4.245008,1.201691,0.217768,{0,23;2000;27.638895;340.619733;192.757217;40.007514;0.7924||1,0;0;0.000000;0.000000;inf;0.000000;nan||2,0;0;0.000000;0.000000;inf;0.000000;nan||3,0;0;0.000000;0.000000;inf;0.000000;nan||4,0;0;0.000000;0.000000;inf;0.000000;nan||5,0;0;0.000000;0.000000;inf;0.000000;nan}
0.0,3355450,671090,10,10,360.000,4,59.622587,0,0.000006,6.842178,4.255429,1.204812,0.223882,{0,23;2000;27.710675;340.479497;193.248094;40.102034;0.7925||1,0;0;0.000000;0.000000;inf;0.000000;nan||2,0;0;0.000000;0.000000;inf;0.000000;nan||3,0;0;0.000000;0.000000;inf;0.000000;nan||4,0;0;0.000000;0.000000;inf;0.000000;nan||5,0;0;0.000000;0.000000;inf;0.000000;nan}

0.0,3355450,335545,10,10,360.000,8,96.691198,10,0.000006,3.427025,2.190971,0.584325,0.109030,{0,24;2000;14.023799;340.077226;93.960095;20.290183;0.7841||1,26;2000;15.133117;319.786963;93.960095;21.319367;0.7731||2,44;2000;25.135680;298.157582;97.278090;0.000000;1.0000||3,0;0;0.000000;0.000000;inf;0.000000;nan||4,0;0;0.000000;0.000000;inf;0.000000;nan||5,0;0;0.000000;0.000000;inf;0.000000;nan||6,0;0;0.000000;0.000000;inf;0.000000;nan||7,0;0;0.000000;0.000000;inf;0.000000;nan||8,0;0;0.000000;0.000000;inf;0.000000;nan||9,0;0;0.000000;0.000000;inf;0.000000;nan||10,0;0;0.000000;0.000000;inf;0.000000;nan}
0.0,3355450,335545,10,10,360.000,8,86.665879,10,0.000006,3.421100,2.140660,0.589091,0.108754,{0,20;2000;11.781823;339.992023;94.623278;17.988089;0.8099||1,32;2000;18.502550;322.003869;94.623278;24.704797;0.7389||2,24;2000;13.945973;296.987894;97.935624;0.000000;1.0000||3,0;0;0.000000;0.000000;inf;0.000000;nan||4,0;0;0.000000;0.000000;inf;0.000000;nan||5,0;0;0.000000;0.000000;inf;0.000000;nan||6,0;0;0.000000;0.000000;inf;0.000000;nan||7,0;0;0.000000;0.000000;inf;0.000000;nan||8,0;0;0.000000;0.000000;inf;0.000000;nan||9,0;0;0.000000;0.000000;inf;0.000000;nan||10,0;0;0.000000;0.000000;inf;0.000000;nan}
0.0,3355450,335545,10,10,360.000,9,58.643333,0,0.000006,3.429247,2.138502,0.570509,0.108948,{0,57;2000;32.518987;340.088391;91.823487;38.731665;0.5782||1,0;0;0.000000;0.000000;inf;0.000000;nan||2,0;0;0.000000;0.000000;inf;0.000000;nan||3,0;0;0.000000;0.000000;inf;0.000000;nan||4,0;0;0.000000;0.000000;inf;0.000000;nan||5,0;0;0.000000;0.000000;inf;0.000000;nan||6,0;0;0.000000;0.000000;inf;0.000000;nan||7,0;0;0.000000;0.000000;inf;0.000000;nan||8,0;0;0.000000;0.000000;inf;0.000000;nan||9,0;0;0.000000;0.000000;inf;0.000000;nan||10,0;0;0.000000;0.000000;inf;0.000000;nan}
0.0,3355450,335545,10,10,360.000,8,86.800428,10,0.000006,3.440540,2.185938,0.580822,0.108659,{0,28;2000;16.263029;340.052276;93.439329;22.537560;0.7588||1,23;2000;13.449320;317.514637;93.439329;19.619159;0.7900||2,25;2000;14.658405;297.585376;96.771210;0.000000;1.0000||3,0;0;0.000000;0.000000;inf;0.000000;nan||4,0;0;0.000000;0.000000;inf;0.000000;nan||5,0;0;0.000000;0.000000;inf;0.000000;nan||6,0;0;0.000000;0.000000;inf;0.000000;nan||7,0;0;0.000000;0.000000;inf;0.000000;nan||8,0;0;0.000000;0.000000;inf;0.000000;nan||9,0;0;0.000000;0.000000;inf;0.000000;nan||10,0;0;0.000000;0.000000;inf;0.000000;nan}
0.0,3355450,335545,10,10,360.000,8,90.974031,10,0.000006,3.423491,2.141942,0.582096,0.109119,{0,34;2000;19.791267;339.959163;93.571061;26.000759;0.7221||1,21;2000;12.662141;313.958317;93.571061;18.834495;0.7987||2,27;2000;16.064997;294.811591;96.885433;0.000000;1.0000||3,0;0;0.000000;0.000000;inf;0.000000;nan||4,0;0;0.000000;0.000000;inf;0.000000;nan||5,0;0;0.000000;0.000000;inf;0.000000;nan||6,0;0;0.000000;0.000000;inf;0.000000;nan||7,0;0;0.000000;0.000000;inf;0.000000;nan||8,0;0;0.000000;0.000000;inf;0.000000;nan||9,0;0;0.000000;0.000000;inf;0.000000;nan||10,0;0;0.000000;0.000000;inf;0.000000;nan}
0.0,3355450,335545,10,10,360.000,8,87.858998,10,0.000006,3.432067,2.129302,0.593826,0.108736,{0,26;2000;15.439483;339.977096;95.337872;21.645425;0.7730||1,19;2000;11.512681;318.331591;95.337872;17.748160;0.8138||2,31;2000;18.333652;300.275239;98.661203;0.000000;1.0000||3,0;0;0.000000;0.000000;inf;0.000000;nan||4,0;0;0.000000;0.000000;inf;0.000000;nan||5,0;0;0.000000;0.000000;inf;0.000000;nan||6,0;0;0.000000;0.000000;inf;0.000000;nan||7,0;0;0.000000;0.000000;inf;0.000000;nan||8,0;0;0.000000;0.000000;inf;0.000000;nan||9,0;0;0.000000;0.000000;inf;0.000000;nan||10,0;0;0.000000;0.000000;inf;0.000000;nan}
0.0,3355450,335545,10,10,360.000,9,43.541597,0,0.000006,3.421203,2.153163,0.596046,0.109019,{0,29;2000;17.285331;339.963772;95.686315;23.505302;0.7544||1,0;0;0.000000;0.000000;inf;0.000000;nan||2,0;0;0.000000;0.000000;inf;0.000000;nan||3,0;0;0.000000;0.000000;inf;0.000000;nan||4,0;0;0.000000;0.000000;inf;0.000000;nan||5,0;0;0.000000;0.000000;inf;0.000000;nan||6,0;0;0.000000;0.000000;inf;0.000000;nan||7,0;0;0.000000;0.000000;inf;0.000000;nan||8,0;0;0.000000;0.000000;inf;0.000000;nan||9,0;0;0.000000;0.000000;inf;0.000000;nan||10,0;0;0.000000;0.000000;inf;0.000000;nan}
0.0,3355450,335545,10,10,360.000,9,67.036529,0,0.000006,3.427862,2.120915,0.582306,0.108073,{0,70;2000;40.761392;339.917268;93.584996;46.953728;0.4983||1,0;0;0.000000;0.000000;inf;0.000000;nan||2,0;0;0.000000;0.000000;inf;0.000000;nan||3,0;0;0.000000;0.000000;inf;0.000000;nan||4,0;0;0.000000;0.000000;inf;0.000000;nan||5,0;0;0.000000;0.000000;inf;0.000000;nan||6,0;0;0.000000;0.000000;inf;0.000000;nan||7,0;0;0.000000;0.000000;inf;0.000000;nan||8,0;0;0.000000;0.000000;inf;0.000000;nan||9,0;0;0.000000;0.000000;inf;0.000000;nan||10,0;0;0.000000;0.000000;inf;0.000000;nan}
0.0,3355450,335545,10,10,360.000,8,95.374167,10,0.000006,3.425380,2.128018,0.597184,0.109009,{0,26;2000;15.526773;340.214086;95.837127;21.723384;0.7733||1,31;2000;18.459371;318.490621;95.837127;24.701561;0.7423||2,32;2000;19.036031;293.479543;99.153498;0.000000;1.0000||3,0;0;0.000000;0.000000;inf;0.000000;nan||4,0;0;0.000000;0.000000;inf;0.000000;nan||5,0;0;0.000000;0.000000;inf;0.000000;nan||6,0;0;0.000000;0.000000;inf;0.000000;nan||7,0;0;0.000000;0.000000;inf;0.000000;nan||8,0;0;0.000000;0.000000;inf;0.000000;nan||9,0;0;0.000000;0.000000;inf;0.000000;nan||10,0;0;0.000000;0.000000;inf;0.000000;nan}
0.0,3355450,335545,10,10,360.000,9,46.858588,0,0.000006,3.420227,2.121583,0.592342,0.108990,{0,35;2000;20.731978;340.058608;95.094477;26.917133;0.7169||1,0;0;0.000000;0.000000;inf;0.000000;nan||2,0;0;0.000000;0.000000;inf;0.000000;nan||3,0;0;0.000000;0.000000;inf;0.000000;nan||4,0;0;0.000000;0.000000;inf;0.000000;nan||5,0;0;0.000000;0.000000;inf;0.000000;nan||6,0;0;0.000000;0.000000;inf;0.000000;nan||7,0;0;0.000000;0.000000;inf;0.000000;nan||8,0;0;0.000000;0.000000;inf;0.000000;nan||9,0;0;0.000000;0.000000;inf;0.000000;nan||10,0;0;0.000000;0.000000;inf;0.000000;nan}
0.0,3355450,335545,10,10,360.000,9,41.062071,0,0.000006,3.423421,2.139855,0.598999,0.113192,{0,25;2000;14.974970;340.125129;96.125287;21.187135;0.7796||1,0;0;0.000000;0.000000;inf;0.000000;nan||2,0;0;0.000000;0.000000;inf;0.000000;nan||3,0;0;0.000000;0.000000;inf;0.000000;nan||4,0;0;0.000000;0.000000;inf;0.000000;nan||5,0;0;0.000000;0.000000;inf;0.000000;nan||6,0;0;0.000000;0.000000;inf;0.000000;nan||7,0;0;0.000000;0.000000;inf;0.000000;nan||8,0;0;0.000000;0.000000;inf;0.000000;nan||9,0;0;0.000000;0.000000;inf;0.000000;nan||10,0;0;0.000000;0.000000;inf;0.000000;nan}
0.0,3355450,335545,10,10,360.000,8,85.707015,10,0.000006,3.429049,2.127495,0.600628,0.109186,{0,21;2000;12.613182;339.994586;96.360515;18.814246;0.8048||1,31;2000;18.464131;321.180261;96.360515;24.700948;0.7437||2,20;2000;12.069511;296.169897;99.680378;0.000000;1.0000||3,0;0;0.000000;0.000000;inf;0.000000;nan||4,0;0;0.000000;0.000000;inf;0.000000;nan||5,0;0;0.000000;0.000000;inf;0.000000;nan||6,0;0;0.000000;0.000000;inf;0.000000;nan||7,0;0;0.000000;0.000000;inf;0.000000;nan||8,0;0;0.000000;0.000000;inf;0.000000;nan||9,0;0;0.000000;0.000000;inf;0.000000;nan||10,0;0;0.000000;0.000000;inf;0.000000;nan}

0.0,3355450,479350,10,10,360.000,6,45.224280,0,0.000006,4.891284,3.048191,0.867431,0.158312,{0,19;2000;16.481198;340.118163;139.079940;25.342383;0.8178||1,0;0;0.000000;0.000000;inf;0.000000;nan||2,0;0;0.000000;0.000000;inf;0.000000;nan||3,0;0;0.000000;0.000000;inf;0.000000;nan||4,0;0;0.000000;0.000000;inf;0.000000;nan||5,0;0;0.000000;0.000000;inf;0.000000;nan||6,0;0;0.000000;0.000000;inf;0.000000;nan||7,0;0;0.000000;0.000000;inf;0.000000;nan}
0.0,3355450,479350,10,10,360.000,6,55.147422,0,0.000006,4.881952,3.035029,0.850406,0.161734,{0,31;2000;26.362593;340.056789;136.490055;35.204151;0.7421||1,0;0;0.000000;0.000000;inf;0.000000;nan||2,0;0;0.000000;0.000000;inf;0.000000;nan||3,0;0;0.000000;0.000000;inf;0.000000;nan||4,0;0;0.000000;0.000000;inf;0.000000;nan||5,0;0;0.000000;0.000000;inf;0.000000;nan||6,0;0;0.000000;0.000000;inf;0.000000;nan||7,0;0;0.000000;0.000000;inf;0.000000;nan}
0.0,3355450,479350,10,10,360.000,6,56.651909,0,0.000006,4.889171,3.045015,0.846847,0.155817,{0,33;2000;27.945946;340.146149;135.963877;36.798000;0.7294||1,0;0;0.000000;0.000000;inf;0.000000;nan||2,0;0;0.000000;0.000000;inf;0.000000;nan||3,0;0;0.000000;0.000000;inf;0.000000;nan||4,0;0;0.000000;0.000000;inf;0.000000;nan||5,0;0;0.000000;0.000000;inf;0.000000;nan||6,0;0;0.000000;0.000000;inf;0.000000;nan||7,0;0;0.000000;0.000000;inf;0.000000;nan}
0.0,3355450,479350,10,10,360.000,6,48.481640,0,0.000006,4.881189,3.021788,0.857404,0.154950,{0,23;2000;19.720284;340.058743;137.525878;28.540324;0.7925||1,0;0;0.000000;0.000000;inf;0.000000;nan||2,0;0;0.000000;0.000000;inf;0.000000;nan||3,0;0;0.000000;0.000000;inf;0.000000;nan||4,0;0;0.000000;0.000000;inf;0.000000;nan||5,0;0;0.000000;0.000000;inf;0.000000;nan||6,0;0;0.000000;0.000000;inf;0.000000;nan||7,0;0;0.000000;0.000000;inf;0.000000;nan}
0.0,3355450,479350,10,10,360.000,6,48.508090,0,0.000006,4.886467,3.036473,0.855752,0.155699,{0,23;2000;19.682303;340.014376;137.297237;28.522415;0.7923||1,0;0;0.000000;0.000000;inf;0.000000;nan||2,0;0;0.000000;0.000000;inf;0.000000;nan||3,0;0;0.000000;0.000000;inf;0.000000;nan||4,0;0;0.000000;0.000000;inf;0.000000;nan||5,0;0;0.000000;0.000000;inf;0.000000;nan||6,0;0;0.000000;0.000000;inf;0.000000;nan||7,0;0;0.000000;0.000000;inf;0.000000;nan}
0.0,3355450,479350,10,10,360.000,6,46.024683,0,0.000006,4.886233,3.069241,0.859872,0.155497,{0,20;2000;17.197435;340.047516;137.951605;26.072140;0.8110||1,0;0;0.000000;0.000000;inf;0.000000;nan||2,0;0;0.000000;0.000000;inf;0.000000;nan||3,0;0;0.000000;0.000000;inf;0.000000;nan||4,0;0;0.000000;0.000000;inf;0.000000;nan||5,0;0;0.000000;0.000000;inf;0.000000;nan||6,0;0;0.000000;0.000000;inf;0.000000;nan||7,0;0;0.000000;0.000000;inf;0.000000;nan}
0.0,3355450,479350,10,10,360.000,6,50.161430,0,0.000006,4.881314,3.052063,0.851871,0.155803,{0,25;2000;21.296770;339.987490;136.721671;30.148861;0.7795||1,0;0;0.000000;0.000000;inf;0.000000;nan||2,0;0;0.000000;0.000000;inf;0.000000;nan||3,0;0;0.000000;0.000000;inf;0.000000;nan||4,0;0;0.000000;0.000000;inf;0.000000;nan||5,0;0;0.000000;0.000000;inf;0.000000;nan||6,0;0;0.000000;0.000000;inf;0.000000;nan||7,0;0;0.000000;0.000000;inf;0.000000;nan}
0.0,3355450,479350,10,10,360.000,6,51.836641,0,0.000006,4.882665,3.116281,0.850164,0.158841,{0,27;2000;22.954427;340.046772;136.532545;31.883353;0.7665||1,0;0;0.000000;0.000000;inf;0.000000;nan||2,0;0;0.000000;0.000000;inf;0.000000;nan||3,0;0;0.000000;0.000000;inf;0.000000;nan||4,0;0;0.000000;0.000000;inf;0.000000;nan||5,0;0;0.000000;0.000000;inf;0.000000;nan||6,0;0;0.000000;0.000000;inf;0.000000;nan||7,0;0;0.000000;0.000000;inf;0.000000;nan}
0.0,3355450,479350,10,10,360.000,6,53.461645,0,0.000006,4.894152,3.050766,0.844753,0.158292,{0,29;2000;24.497850;339.903155;135.660981;33.364743;0.7541||1,0;0;0.000000;0.000000;inf;0.000000;nan||2,0;0;0.000000;0.000000;inf;0.000000;nan||3,0;0;0.000000;0.000000;inf;0.000000;nan||4,0;0;0.000000;0.000000;inf;0.000000;nan||5,0;0;0.000000;0.000000;inf;0.000000;nan||6,0;0;0.000000;0.000000;inf;0.000000;nan||7,0;0;0.000000;0.000000;inf;0.000000;nan}
0.0,3355450,479350,10,10,360.000,6,47.667509,0,0.000006,4.891876,3.050379,0.855619,0.155953,{0,22;2000;18.823628;340.018373;137.296746;27.685832;0.7984||1,0;0;0.000000;0.000000;inf;0.000000;nan||2,0;0;0.000000;0.000000;inf;0.000000;nan||3,0;0;0.000000;0.000000;inf;0.000000;nan||4,0;0;0.000000;0.000000;inf;0.000000;nan||5,0;0;0.000000;0.000000;inf;0.000000;nan||6,0;0;0.000000;0.000000;inf;0.000000;nan||7,0;0;0.000000;0.000000;inf;0.000000;nan}

0.0,3355450,671090,10,10,360.000,4,60.489666,0,0.000006,6.828044,4.249103,1.199013,0.222436,{0,24;2000;28.776310;340.652808;192.350533;41.142416;0.7861||1,0;0;0.000000;0.000000;inf;0.000000;nan||2,0;0;0.000000;0.000000;inf;0.000000;nan||3,0;0;0.000000;0.000000;inf;0.000000;nan||4,0;0;0.000000;0.000000;inf;0.000000;nan||5,0;0;0.000000;0.000000;inf;0.000000;nan}
0.0,3355450,671090,10,10,360.000,4,58.268488,0,0.000006,6.834241,4.228021,1.205419,0.220914,{0,22;2000;26.519224;340.600242;193.301486;38.868678;0.7989||1,0;0;0.000000;0.000000;inf;0.000000;nan||2,0;0;0.000000;0.000000;inf;0.000000;nan||3,0;0;0.000000;0.000000;inf;0.000000;nan||4,0;0;0.000000;0.000000;inf;0.000000;nan||5,0;0;0.000000;0.000000;inf;0.000000;nan}
0.0,3355450,671090,10,10,360.000,4,68.808854,0,0.000006,6.836024,4.276732,1.191152,0.217333,{0,31;2000;36.925713;340.516274;191.194046;49.325069;0.7420||1,0;0;0.000000;0.000000;inf;0.000000;nan||2,0;0;0.000000;0.000000;inf;0.000000;nan||3,0;0;0.000000;0.000000;inf;0.000000;nan||4,0;0;0.000000;0.000000;inf;0.000000;nan||5,0;0;0.000000;0.000000;inf;0.000000;nan}
0.0,3355450,671090,10,10,360.000,4,58.592016,0,0.000006,6.827645,4.286091,1.208373,0.217389,{0,22;2000;26.584206;340.396883;193.795448;38.988838;0.7988||1,0;0;0.000000;0.000000;inf;0.000000;nan||2,0;0;0.000000;0.000000;inf;0.000000;nan||3,0;0;0.000000;0.000000;inf;0.000000;nan||4,0;0;0.000000;0.000000;inf;0.000000;nan||5,0;0;0.000000;0.000000;inf;0.000000;nan}
0.0,3355450,671090,10,10,360.000,4,57.294461,0,0.000006,6.831721,4.293259,1.210017,0.216780,{0,21;2000;25.410364;340.527246;194.054377;37.821651;0.8051||1,0;0;0.000000;0.000000;inf;0.000000;nan||2,0;0;0.000000;0.000000;inf;0.000000;nan||3,0;0;0.000000;0.000000;inf;0.000000;nan||4,0;0;0.000000;0.000000;inf;0.000000;nan||5,0;0;0.000000;0.000000;inf;0.000000;nan}
0.0,3355450,671090,10,10,360.000,4,63.128131,0,0.000006,6.821246,4.240466,1.199425,0.218903,{0,26;2000;31.185051;340.407754;192.393796;43.535836;0.7737||1,0;0;0.000000;0.000000;inf;0.000000;nan||2,0;0;0.000000;0.000000;inf;0.000000;nan||3,0;0;0.000000;0.000000;inf;0.000000;nan||4,0;0;0.000000;0.000000;inf;0.000000;nan||5,0;0;0.000000;0.000000;inf;0.000000;nan}
0.0,3355450,671090,10,10,360.000,4,52.786033,0,0.000006,6.842587,4.318486,1.224152,0.217570,{0,17;2000;20.810590;340.478527;196.225648;33.264510;0.8305||1,0;0;0.000000;0.000000;inf;0.000000;nan||2,0;0;0.000000;0.000000;inf;0.000000;nan||3,0;0;0.000000;0.000000;inf;0.000000;nan||4,0;0;0.000000;0.000000;inf;0.000000;nan||5,0;0;0.000000;0.000000;inf;0.000000;nan}
0.0,3355450,671090,10,10,360.000,4,83.013054,0,0.000006,6.835698,4.276579,1.185454,0.216673,{0,43;2000;50.974526;340.359830;190.332518;63.372826;0.6670||1,0;0;0.000000;0.000000;inf;0.000000;nan||2,0;0;0.000000;0.000000;inf;0.000000;nan||3,0;0;0.000000;0.000000;inf;0.000000;nan||4,0;0;0.000000;0.000000;inf;0.000000;nan||5,0;0;0.000000;0.000000;inf;0.000000;nan}
0.0,3355450,671090,10,10,360.000,4,58.664525,0,0.000006,6.850183,4.285665,1.208271,0.225437,{0,22;2000;26.581964;340.359126;193.810220;39.023600;0.7987||1,0;0;0.000000;0.000000;inf;0.000000;nan||2,0;0;0.000000;0.000000;inf;0.000000;nan||3,0;0;0.000000;0.000000;inf;0.000000;nan||4,0;0;0.000000;0.000000;inf;0.000000;nan||5,0;0;0.000000;0.000000;inf;0.000000;nan}
0.0,3355450,671090,10,10,360.000,4,59.914346,0,0.000006,6.830375,4.339736,1.207445,0.217704,{0,23;2000;27.771236;340.332585;193.712017;40.246874;0.7922||1,0;0;0.000000;0.000000;inf;0.000000;nan||2,0;0;0.000000;0.000000;inf;0.000000;nan||3,0;0;0.000000;0.000000;inf;0.000000;nan||4,0;0;0.000000;0.000000;inf;0.000000;nan||5,0;0;0.000000;0.000000;inf;0.000000;nan}

0.0,3355450,1677725,10,10,360.000,1,111.246404,0,0.000006,17.022066,10.931529,3.049811,0.548511,{0,20;2000;60.996215;340.967809;489.023529;92.214159;0.8114||1,0;0;0.000000;0.000000;inf;0.000000;nan||2,0;0;0.000000;0.000000;inf;0.000000;nan}
0.0,3355450,1677725,10,10,360.000,1,120.890840,0,0.000006,17.026866,10.982586,3.070528,0.560513,{0,23;2000;70.622141;341.044904;492.219673;101.935691;0.7929||1,0;0;0.000000;0.000000;inf;0.000000;nan||2,0;0;0.000000;0.000000;inf;0.000000;nan}
0.0,3355450,1677725,10,10,360.000,1,133.947584,0,0.000006,17.049868,10.913749,3.097014,0.559450,{0,27;2000;83.619365;340.936282;496.172108;114.883812;0.7685||1,0;0;0.000000;0.000000;inf;0.000000;nan||2,0;0;0.000000;0.000000;inf;0.000000;nan}
0.0,3355450,1677725,10,10,360.000,1,131.042494,0,0.000006,17.024210,10.897800,3.117495,0.557521,{0,26;2000;81.054860;341.228065;499.221218;112.270498;0.7751||1,0;0;0.000000;0.000000;inf;0.000000;nan||2,0;0;0.000000;0.000000;inf;0.000000;nan}
0.0,3355450,1677725,10,10,360.000,1,125.490622,0,0.000006,16.989384,11.072489,3.136035,0.558295,{0,24;2000;75.264839;341.143730;502.161447;106.634292;0.7876||1,0;0;0.000000;0.000000;inf;0.000000;nan||2,0;0;0.000000;0.000000;inf;0.000000;nan}
0.0,3355450,1677725,10,10,360.000,1,122.241840,0,0.000006,17.074573,10.912068,3.135080,0.561189,{0,23;2000;72.106844;341.154365;501.944936;103.396148;0.7940||1,0;0;0.000000;0.000000;inf;0.000000;nan||2,0;0;0.000000;0.000000;inf;0.000000;nan}
0.0,3355450,1677725,10,10,360.000,1,131.304716,0,0.000006,16.986330,11.013431,3.118973,0.552287,{0,26;2000;81.093296;341.084887;499.516959;112.389547;0.7750||1,0;0;0.000000;0.000000;inf;0.000000;nan||2,0;0;0.000000;0.000000;inf;0.000000;nan}
0.0,3355450,1677725,10,10,360.000,1,125.358670,0,0.000006,16.996177,10.952659,3.132930,0.560414,{0,24;2000;75.190318;341.083777;501.581667;106.442395;0.7878||1,0;0;0.000000;0.000000;inf;0.000000;nan||2,0;0;0.000000;0.000000;inf;0.000000;nan}
0.0,3355450,1677725,10,10,360.000,1,131.226193,0,0.000006,17.033715,10.944651,3.119546,0.558842,{0,26;2000;81.108183;341.159847;499.588579;112.385989;0.7750||1,0;0;0.000000;0.000000;inf;0.000000;nan||2,0;0;0.000000;0.000000;inf;0.000000;nan}
0.0,3355450,1677725,10,10,360.000,1,122.261541,0,0.000006,16.976577,10.992115,3.129568,0.558402,{0,23;2000;71.980075;340.990622;501.091934;103.252112;0.7939||1,0;0;0.000000;0.000000;inf;0.000000;nan||2,0;0;0.000000;0.000000;inf;0.000000;nan}

0.0,3355450,3355450,10,10,360.000,0,226.054797,0,0.000005,27.735918,21.281311,5.919218,0.000000,{0,26;2000;153.899655;342.443530;49.017229;208.498309;-3.2536}
0.0,3355450,3355450,10,10,360.000,0,242.234119,0,0.000005,27.717452,21.840497,6.274211,0.000000,{0,27;2000;169.403707;342.449314;49.557949;224.683415;-3.5338}
0.0,3355450,3355450,10,10,360.000,0,260.277149,0,0.000005,28.169397,22.392033,6.421410,0.000000,{0,29;2000;186.220897;342.358003;50.561430;242.635134;-3.7988}
0.0,3355450,3355450,10,10,360.000,0,268.716543,0,0.000005,28.361155,22.880294,6.459551,0.000000,{0,30;2000;193.786520;342.327349;51.241449;251.043875;-3.8992}
0.0,3355450,3355450,10,10,360.000,0,313.171687,0,0.000005,28.311456,23.015266,6.437368,0.000000,{0,37;2000;238.182625;342.352898;51.326722;295.524565;-4.7577}
0.0,3355450,3355450,10,10,360.000,0,282.157870,0,0.000005,28.466907,22.998450,6.469763,0.000000,{0,32;2000;207.032416;342.355035;51.465357;264.512888;-4.1396}
0.0,3355450,3355450,10,10,360.000,0,262.520652,0,0.000005,28.398777,22.774351,6.470512,0.000000,{0,29;2000;187.644856;342.316773;51.173128;244.837408;-3.7845}
0.0,3355450,3355450,10,10,360.000,0,275.510719,0,0.000005,28.472050,22.969270,6.466300,0.000000,{0,31;2000;200.455309;342.389520;51.441320;257.900221;-4.0135}
0.0,3355450,3355450,10,10,360.000,0,250.639577,0,0.000005,28.488263,23.780695,6.471358,0.000000,{0,27;2000;174.726671;342.363688;52.268958;233.003247;-3.4578}
0.0,3355450,3355450,10,10,360.000,0,237.916482,0,0.000005,28.507198,23.920562,6.473087,0.000000,{0,25;2000;161.827169;342.351630;52.427760;220.268095;-3.2014}
